-- phpMyAdmin SQL Dump
-- version 5.1.0
-- https://www.phpmyadmin.net/
--
-- Host: 127.0.0.1
-- Generation Time: Nov 10, 2021 at 10:46 AM
-- Server version: 10.4.18-MariaDB
-- PHP Version: 7.4.18

SET SQL_MODE = "NO_AUTO_VALUE_ON_ZERO";
START TRANSACTION;
SET time_zone = "+00:00";


/*!40101 SET @OLD_CHARACTER_SET_CLIENT=@@CHARACTER_SET_CLIENT */;
/*!40101 SET @OLD_CHARACTER_SET_RESULTS=@@CHARACTER_SET_RESULTS */;
/*!40101 SET @OLD_COLLATION_CONNECTION=@@COLLATION_CONNECTION */;
/*!40101 SET NAMES utf8mb4 */;

--
-- Database: `lamocha`
--

-- --------------------------------------------------------

--
-- Table structure for table `department`
--

CREATE TABLE `department` (
  `department_id` int(11) NOT NULL,
  `department_name` varchar(1000) NOT NULL,
  `department_menu` longtext DEFAULT NULL,
  `department_sub_menu` text DEFAULT NULL
) ENGINE=InnoDB DEFAULT CHARSET=utf8;

--
-- Dumping data for table `department`
--

INSERT INTO `department` (`department_id`, `department_name`, `department_menu`, `department_sub_menu`) VALUES
(1, 'Administrator', '50, 56, 57, 58, 51, 53, 54, 59, 62, 61, 66, 65, 63', '5, 6, 7, 23, 24, 25, 26, 27, 28, 29, 30, 34, 31, 49, 33, 36, 37, 39, 40, 41, 42, 43, 44, 45, 46, 47'),
(3, 'User', NULL, NULL);

-- --------------------------------------------------------

--
-- Table structure for table `ford`
--

CREATE TABLE `ford` (
  `ford_id` int(11) NOT NULL,
  `ford_image` varchar(255) NOT NULL,
  `ford_name` varchar(255) NOT NULL,
  `ford_select` varchar(255) NOT NULL,
  `ford_ckeditor` longtext NOT NULL,
  `ford_username_create` varchar(255) NOT NULL,
  `ford_username_update` varchar(255) NOT NULL,
  `ford_datetime_create` datetime NOT NULL,
  `ford_datetime_update` datetime NOT NULL,
  `ford_ip_create` varchar(255) NOT NULL,
  `ford_ip_update` varchar(255) NOT NULL
) ENGINE=InnoDB DEFAULT CHARSET=utf8;

--
-- Dumping data for table `ford`
--

INSERT INTO `ford` (`ford_id`, `ford_image`, `ford_name`, `ford_select`, `ford_ckeditor`, `ford_username_create`, `ford_username_update`, `ford_datetime_create`, `ford_datetime_update`, `ford_ip_create`, `ford_ip_update`) VALUES
(4, 'logo.png', 'test1', '1', '<p>\r\n	abccc1</p>', '1', '1', '2016-10-22 06:54:29', '2016-10-22 07:35:03', '::1', '::1'),
(5, 'user-5.jpg', 'fsdafsaddf', '10', '<p>\r\n	fsdfsdaffds</p>', '1', '1', '2016-10-22 07:25:39', '2016-10-22 07:35:41', '::1', '::1');

-- --------------------------------------------------------

--
-- Table structure for table `lv_about_us`
--

CREATE TABLE `lv_about_us` (
  `about_us_id` int(11) NOT NULL,
  `about_us_detail1_th` text NOT NULL,
  `about_us_detail1_en` text NOT NULL,
  `about_us_detail1_ch` text NOT NULL,
  `about_us_detail2_th` text NOT NULL,
  `about_us_detail2_en` text NOT NULL,
  `about_us_detail2_ch` text NOT NULL,
  `about_us_detail3_th` text NOT NULL,
  `about_us_detail3_en` text NOT NULL,
  `about_us_detail3_ch` text NOT NULL,
  `about_us_datetime_update` datetime NOT NULL,
  `about_us_ip_update` varchar(255) NOT NULL
) ENGINE=InnoDB DEFAULT CHARSET=utf8;

--
-- Dumping data for table `lv_about_us`
--

INSERT INTO `lv_about_us` (`about_us_id`, `about_us_detail1_th`, `about_us_detail1_en`, `about_us_detail1_ch`, `about_us_detail2_th`, `about_us_detail2_en`, `about_us_detail2_ch`, `about_us_detail3_th`, `about_us_detail3_en`, `about_us_detail3_ch`, `about_us_datetime_update`, `about_us_ip_update`) VALUES
(1, '<h3>\r\n	ประวัติความเป็นมาขององค์กร และ วิสัยทัศน์ขององค์กร</h3>\r\n<p>\r\n	ประวัติความเป็นมาองกรค์ และ วิสัยทัศน์ขององกรค์ บริษัท ออลกู๊ด เฮ้ลท์ แอนด์ สกินจำกัด ก่อตั้งขึ้นเมื่อ วันที่ 13 มกราคม 2560 เกิดจากผู้หญิง แม่บ้าน ธรรมดาๆ คนนึง คือ คุณ พลอย มโนชา นิจปิยนันท์ ที่รักและหลงไหลในเรื่องของ Skincare เป็นอย่างมาก จากเคยฐานนะ ยากจน ลำบากตั้งแต่เด็ก แต่ยังคงเป็นผู้หญิงที่รักในการดูแลตัวเองอยากสวยงามเหมือนนิสัยของผุ้หญิงทั่วไป แต่ด้วยกำลังไม่เพียงพอ จึง ประยุกต์ ใช้ธรรมชาติรอบตัว ศึกษาคุณสมบัติของธรรมชาติมาใช้ดูแลผิวพรรณ และเรียนรู้มาเรื่อยๆ มีรายได้เองจากการสรรหาสินค้าทั่วไปมาขายออนไลน์ จนสร้างตัว ขยับฐานะมากขึ้นๆ และมีกำลัง ในการเริ่มก้าวสู่ธุรกิจการทำแบรนด์สกินแคร์เป็นของตัวเอง และ ต่อยอด จนได้รับ การสนับสนุนลงทุนจาก สามี และ กองทุน และ จากรายได้ต่อยอด มา ขยายธุรกิจ จึงก้าวสู่การพัฒนาสินค้า ในระดับพรีเมี่ยม คุณภาพสูง จึงนำมาสู่ การสร้างสรรค์ผลิตภัณ์ระดับพรีเมี่ยม เกินราคา ที่คุณภาพและจุดเด่นแตกต่างจากท้องตลาด ในราคาที่จับต้องได้ เรามุ่งเน้นสินค้า นวัตกรรมในตัวสินค้า และ สารสกัด ที่มีงานวิจัยรองรับ และ ส่งเสริมผลผลิต จากธรรมชาติ ของคนไทย มีความเชื่อ และชื่นชอบ ไม่ลืมที่จะส่งเสริม สารสกัดผลผลิตดีๆของไทย เกษตรกรไทย ที่มีคุณค่าโดดเด่น สู่ผลิตภัณฑ์ ช่วยให้ผู้บริโภคผิวดี รวมถึง สุขภาพดี ทั้งในระยะสั้น และระยะยาว เมื่อใช้ต่อเนื่องเป็นประจำ ณ ปัจจุบันเราเติบโตเริ่มต้น จาก ช่องทางออนไลน์เป็นหลัก และ ก้าวสู่ออฟไลน์ Beauty store คุณภาพในบางพื้นที่ เพื่อให้เข้าถึงไลฟ์สไตล์ และ ตอบสนอง กับความต้องการของผู้บริโภค ที่สนใจ ได้สั่งสินค้าได้สะดวก รวดเร็ว และ ทั่วโลก ด้วยบริการที่ดีและประทับใจ และ ยินดีให้คำปรึกษาผู้บริโภคอย่างไกล้ชิด เสมอมา</p>', '<h3>\r\n	ประวัติความเป็นมาขององค์กร และ วิสัยทัศน์ขององค์กร</h3>\r\n<p>\r\n	ประวัติความเป็นมาองกรค์ และ วิสัยทัศน์ขององกรค์ บริษัท ออลกู๊ด เฮ้ลท์ แอนด์ สกินจำกัด ก่อตั้งขึ้นเมื่อ วันที่ 13 มกราคม 2560 เกิดจากผู้หญิง แม่บ้าน ธรรมดาๆ คนนึง คือ คุณ พลอย มโนชา นิจปิยนันท์ ที่รักและหลงไหลในเรื่องของ Skincare เป็นอย่างมาก จากเคยฐานนะ ยากจน ลำบากตั้งแต่เด็ก แต่ยังคงเป็นผู้หญิงที่รักในการดูแลตัวเองอยากสวยงามเหมือนนิสัยของผุ้หญิงทั่วไป แต่ด้วยกำลังไม่เพียงพอ จึง ประยุกต์ ใช้ธรรมชาติรอบตัว ศึกษาคุณสมบัติของธรรมชาติมาใช้ดูแลผิวพรรณ และเรียนรู้มาเรื่อยๆ มีรายได้เองจากการสรรหาสินค้าทั่วไปมาขายออนไลน์ จนสร้างตัว ขยับฐานะมากขึ้นๆ และมีกำลัง ในการเริ่มก้าวสู่ธุรกิจการทำแบรนด์สกินแคร์เป็นของตัวเอง และ ต่อยอด จนได้รับ การสนับสนุนลงทุนจาก สามี และ กองทุน และ จากรายได้ต่อยอด มา ขยายธุรกิจ จึงก้าวสู่การพัฒนาสินค้า ในระดับพรีเมี่ยม คุณภาพสูง จึงนำมาสู่ การสร้างสรรค์ผลิตภัณ์ระดับพรีเมี่ยม เกินราคา ที่คุณภาพและจุดเด่นแตกต่างจากท้องตลาด ในราคาที่จับต้องได้ เรามุ่งเน้นสินค้า นวัตกรรมในตัวสินค้า และ สารสกัด ที่มีงานวิจัยรองรับ และ ส่งเสริมผลผลิต จากธรรมชาติ ของคนไทย มีความเชื่อ และชื่นชอบ ไม่ลืมที่จะส่งเสริม สารสกัดผลผลิตดีๆของไทย เกษตรกรไทย ที่มีคุณค่าโดดเด่น สู่ผลิตภัณฑ์ ช่วยให้ผู้บริโภคผิวดี รวมถึง สุขภาพดี ทั้งในระยะสั้น และระยะยาว เมื่อใช้ต่อเนื่องเป็นประจำ ณ ปัจจุบันเราเติบโตเริ่มต้น จาก ช่องทางออนไลน์เป็นหลัก และ ก้าวสู่ออฟไลน์ Beauty store คุณภาพในบางพื้นที่ เพื่อให้เข้าถึงไลฟ์สไตล์ และ ตอบสนอง กับความต้องการของผู้บริโภค ที่สนใจ ได้สั่งสินค้าได้สะดวก รวดเร็ว และ ทั่วโลก ด้วยบริการที่ดีและประทับใจ และ ยินดีให้คำปรึกษาผู้บริโภคอย่างไกล้ชิด เสมอมา</p>', '<h3>\r\n	ประวัติความเป็นมาขององค์กร และ วิสัยทัศน์ขององค์กร</h3>\r\n<p>\r\n	ประวัติความเป็นมาองกรค์ และ วิสัยทัศน์ขององกรค์ บริษัท ออลกู๊ด เฮ้ลท์ แอนด์ สกินจำกัด ก่อตั้งขึ้นเมื่อ วันที่ 13 มกราคม 2560 เกิดจากผู้หญิง แม่บ้าน ธรรมดาๆ คนนึง คือ คุณ พลอย มโนชา นิจปิยนันท์ ที่รักและหลงไหลในเรื่องของ Skincare เป็นอย่างมาก จากเคยฐานนะ ยากจน ลำบากตั้งแต่เด็ก แต่ยังคงเป็นผู้หญิงที่รักในการดูแลตัวเองอยากสวยงามเหมือนนิสัยของผุ้หญิงทั่วไป แต่ด้วยกำลังไม่เพียงพอ จึง ประยุกต์ ใช้ธรรมชาติรอบตัว ศึกษาคุณสมบัติของธรรมชาติมาใช้ดูแลผิวพรรณ และเรียนรู้มาเรื่อยๆ มีรายได้เองจากการสรรหาสินค้าทั่วไปมาขายออนไลน์ จนสร้างตัว ขยับฐานะมากขึ้นๆ และมีกำลัง ในการเริ่มก้าวสู่ธุรกิจการทำแบรนด์สกินแคร์เป็นของตัวเอง และ ต่อยอด จนได้รับ การสนับสนุนลงทุนจาก สามี และ กองทุน และ จากรายได้ต่อยอด มา ขยายธุรกิจ จึงก้าวสู่การพัฒนาสินค้า ในระดับพรีเมี่ยม คุณภาพสูง จึงนำมาสู่ การสร้างสรรค์ผลิตภัณ์ระดับพรีเมี่ยม เกินราคา ที่คุณภาพและจุดเด่นแตกต่างจากท้องตลาด ในราคาที่จับต้องได้ เรามุ่งเน้นสินค้า นวัตกรรมในตัวสินค้า และ สารสกัด ที่มีงานวิจัยรองรับ และ ส่งเสริมผลผลิต จากธรรมชาติ ของคนไทย มีความเชื่อ และชื่นชอบ ไม่ลืมที่จะส่งเสริม สารสกัดผลผลิตดีๆของไทย เกษตรกรไทย ที่มีคุณค่าโดดเด่น สู่ผลิตภัณฑ์ ช่วยให้ผู้บริโภคผิวดี รวมถึง สุขภาพดี ทั้งในระยะสั้น และระยะยาว เมื่อใช้ต่อเนื่องเป็นประจำ ณ ปัจจุบันเราเติบโตเริ่มต้น จาก ช่องทางออนไลน์เป็นหลัก และ ก้าวสู่ออฟไลน์ Beauty store คุณภาพในบางพื้นที่ เพื่อให้เข้าถึงไลฟ์สไตล์ และ ตอบสนอง กับความต้องการของผู้บริโภค ที่สนใจ ได้สั่งสินค้าได้สะดวก รวดเร็ว และ ทั่วโลก ด้วยบริการที่ดีและประทับใจ และ ยินดีให้คำปรึกษาผู้บริโภคอย่างไกล้ชิด เสมอมา</p>', '<h3>\r\n	เรื่องราวความเป็นมาจุดเด่นเกี่ยวกับผลิตภัณฑ์</h3>\r\n<p>\r\n	LA MOCHA พร้อมจุดกำเนิด ของผลิตภัณฑ์ตัวแรก กันแดด ในตำนาน ที่สร้างความประทับใจ ให้กับผู้ใช้จำนวนมาก</p>\r\n<p>\r\n	<iframe class=\"embed\" src=\"https://www.youtube.com/embed/jTk6mZfpA7k\"></iframe></p>\r\n<p>\r\n	คุณประโยชน์จากรังไหมสีทองของไทย สารสกัดล้ำค่า หนึ่งในผลิตภัณฑ์ ที่ภูมิใจนำเสนอ ที่หลายคนมักไม่รู้มากก่อน สารสกัดตัวนี้ถูกนำไปใช้ในนวัตกรรมความงามและดุแลผิว มากมาย ทั้งในไทยและต่างประเทศ</p>\r\n<p>\r\n	<img class=\"img-fluid\" src=\"{{asset(\'public/frontend/images/promotion/9.jpg\')}}\" /></p>\r\n<p>\r\n	เราเลือกสรร สิ่งที่ดี ที่สุด ด้วยความใส่ใจทุกรายละเอียด ของ คนที่ชอบสินค้าสไตล์ ธรรมชาติ ผสมผสาน นวัตกรรม แบบพรีเมี่ยม และ ไม่ยึดติดแบรนด์ แต่อยากได้สินค้าที่คุณภาพ สมราคา ไม่ต้องจ่ายแพงเกิน แต่คุ้มเกินค่า ถ้าถามว่า ทำไม ไม่ทำ Nature Product 100 % ไปเลยหล่ะ ก็ต้องอธิบายว่า บางที ธรรมชาติ อย่างเดียวเพียวๆล้วนๆ ก็ไม่ได้สามารถ แก้ปัญหาผิวต่างๆ หรือ มีประสิทธิภาพมากพอ ที่จะ ยื้อความสาว สวย ใส ของผิวเราไว้ได้ แต่การ ไม่ Nature 100 % ก็ไม่ได้แปลว่า สินค้าจะไม่ดี หรือ อันตรายนะคะ เพราะ ทุกอย่าง เราศึกษาและเลือกสิ่งที่ดีที่สุด ให้คุณแล้ว อุ่นใจได้ หากคุณลูกค้ายังไม่มั่นใจในสินค้าผลิตภัณฑ์ ของเราพอ เราเข้าใจ เรารู้ใจคุณค่ะ คุณลูกค้าสามารถขอดูรายละเอียด สินค้า สารสกัด และ การส่งทดสอบ LAB เป็นรายตัวได้เลยค่ะ เรายินดี ^^</p>\r\n<div class=\"pro_about\">\r\n	<img class=\"img-fluid\" src=\"{{asset(\'public/frontend/images/promotion/10.jpg\')}}\" /></div>\r\n<h5>\r\n	มหัศจรรย์แห่งครีมกันแดด ที่ทำไม๊ ทำไม ถึงขายดีนักหนา ไม่เคยตก</h5>\r\n<div class=\"wonderful\">\r\n	<h6>\r\n		ไม่ได้ง่าย #ของดีมักมีที่มา มหัศจรรย์แห่งครีมกันแดด ที่เป็นมากกว่าครีมกันแดด จาก Lamocha ( ลาโมช่า )</h6>\r\n	<h6>\r\n		&quot; อย่าเชื่อ!!! จนกว่าจะได้ลอง &quot;</h6>\r\n	<h6>\r\n		&ldquo;ใหม่ล่าสุด สินค้ามาแรง นวัตกรรมสุดล้ำ แห่งวงการกันแดด</h6>\r\n	<h6>\r\n		ที่มีถึง 3 นวัตกรรม ในหลอดเดียว มาพร้อมอาหารผิวในเนื้อครีมผสมรองพื้นแป้งไว้ในหลอดเดียว&rdquo; LA MOCHA Perfect Smooth mouse SunScreen SPF 50 PA ++++</h6>\r\n	<h6>\r\n		1. ลดขั้นตอนความยุ่งยากในการแต่งหน้า. ให้ประสิทธิภาพ ถึง3คุณสมบัติ ในขั้นตอนเดียว.</h6>\r\n	<h6 style=\"padding-left: 30px;\">\r\n		1.1 บำรุงล้ำลึก</h6>\r\n	<h6 style=\"padding-left: 30px;\">\r\n		1.2.ปกป้องผิวหน้าจาก UVA UVB ด้วยSPF 50++++.</h6>\r\n	<h6 style=\"padding-left: 30px;\">\r\n		1.3.เคลือบผิวละมุนดุจผงแป้งไหมทอง ให้ผิวดูสวยใส ผุดผ่อง อ่อนเยาว์เจิดจรัส โดยไม่ต้องทาแป้ง มิติใหม่ของครีมกันแดด ที่คุณจะต้องหลงรัก</h6>\r\n	<h6>\r\n		2. กันเหงื่อกันน้ำไม่เป็นคราบ.</h6>\r\n	<h6>\r\n		3. เบาสบายผิวเหมือนทาแป้งมีอาหารผิวหน้าไม่แก่เร็ว ปกป้องดี ปกปิด 3 ระดับ.</h6>\r\n	<h6>\r\n		4.เติมทับเมคอัพได้ ทาทับระหว่างวันได้ไม่เกิดคราบ</h6>\r\n	<h6>\r\n		5. อำพรางรูขุมขน เบลินผิวให้ดูเรียบเนียนละเอียด มีออร่าตลอดวัน.</h6>\r\n	<h6>\r\n		&quot; ทำการศึกษา ค้นหา พัฒนา ต่อยอด จากสูตรดั้งเดิม มาถึง 5 ปี กว่าจะมาเป็น กันแดด สูตรนี้</h6>\r\n	<h6>\r\n		สารสกัด เนื้อกันแดด ที่อุดมไปด้วย คุณค่า อาหารผิว โดยเฉพาะ สารสกัด รังไหมธรรมชาติ</h6>\r\n	<h6>\r\n		สีทอง ของไทย ที่มีประโยชน์ต่อผิวอย่างสูง</h6>\r\n	<h6>\r\n		( สารสกัด รังไหมสีทอง มีงานวิจัยจากหลายแหล่ง รองรับเช่น กระทรวงวิทยาศาสตร์ ของไทย เป็นที่ นิยมใช้ในเวชสำอางญี่ปุ่น )</h6>\r\n	<h6>\r\n		ตัวนี้ไม่ใช่แค่กันแดด แต่..มาพร้อมคุณค่าการบำรุงครอบคลุมการดูแลผิวขั้นสุด มอบความเจิดจรัส</h6>\r\n	<h6>\r\n		ให้ผิวคุณหลังทาทันทีและดูแลอย่างต่อเนื่อง ให้คุณเห็นถึงความเปลี่ยนแปลงของผิวที่มากกว่าผิวสวยใส แต่เป็น</h6>\r\n	<h6>\r\n		&quot; ผิวสวย ละมุน เนียนใส อ่อนเยาว์ เจิดจรัส &quot;</h6>\r\n	<h6>\r\n		#LAMOCHAThailand</h6>\r\n</div>\r\n<h5>\r\n	จุดเริ่มต้น</h5>\r\n<div class=\"wonderful\">\r\n	<h6>\r\n		&ldquo;LA MOCHA&rdquo; เริ่มจากความรักและความหลงใหลเกี่ยวกับ Skincare ของ &ldquo;พลอย&rdquo; ซึ่งเป็นเพียงแม่บ้านธรรมดาๆ คนหนึ่งที่ไม่ได้ร่ำรวยเงินทอง แต่พลอยร่ำรวยความฝัน นะคะ</h6>\r\n	<h6>\r\n		พลอยเป็นเด็กต่างจังหวัดหรือเรียกว่า เด็กบ้านนอก นั่นแหละคะ ขึ้นชื่อว่า บ้านนอก ทุกอย่างก็ดูล้าสมัย เชย โบราณ รวมถึงผิวพรรณของเด็กบ้าน</h6>\r\n	<h6>\r\n		นอก ที่เรามักจะเห็นว่า แห้ง หยาบกระด้าง ไม่สวย พลอยก็เป็นเช่นนั้น ด้วยความที่รักสวย รักงาม แต่ เหมือนโอกาส ในการจะซื้อผลิตภัณฑ์ แพงๆ</h6>\r\n	<h6>\r\n		ราคาสูงๆ มันดูจะยากซะเหลือเกิน เป็นความฝังใจเล็กๆ ที่เป็นแรงบันดาลใจอยากดูแลตัวเองด้วยผลิตภัณฑ์ดีๆ. ในเวลานั้นจึงดูแลตัวเองโดยศึกษา</h6>\r\n	<h6>\r\n		คุณสมบัติของธรรมชาติที่มีอยู่รอบตัวที่เราสามารถ ทำได้ แต่ก็ทำให้เราได้ค้นพบ อะไรบางอย่าง</h6>\r\n	<h6>\r\n		พลอยเอง ก็ได้โอกาสได้ศึกษา และเรียนรู้เพิ่มเติม เพื่อค้นคว้า วิจัย ให้ผลิตภัณฑ์ LaMocha ที่ออกมานั้น มีทั้งคุณภาพและคุณประโยชน์ต่อผู้ใช้</h6>\r\n	<h6>\r\n		สูงสุด ย้ำ!!! ภายในราคา ที่คุณลูกค้าจะคุ้มค่าที่สุด ไม่แพงเกินจริงไป ให้ความสำคัญ ที่คุณภาพ สินค้าและ สารสกัด เป็นหลัก</h6>\r\n	<h6>\r\n		จุดนี้ จากทั้งการทดลอง และ ประสบการณ์ความรู้เฉพาะด้าน ที่ได้ทำการศึกษาอย่างจริงจัง ในด้าน วิทยาศาสตร์ เครื่องสำอาง ทำให้พลอยเข้าใจ</h6>\r\n	<h6>\r\n		และ รู้ความจริงในจุดที่ ว่า ผู้หญิงที่ไม่สวย ก็สวยได้ !! หากดูแลผิวพรรณ อย่างต่อเนื่อง ด้วยสารสกัดจากธรรมชาติที่พรีเมี่ยม ใน % และ ความ</h6>\r\n	<h6>\r\n		ลงตัวของสูตร ที่เหมาะสม ก็จะได้รับ ความล้ำค่าของผลิตภัณฑ์ นั้น ต่อผิวแบบเต็มๆ โดย ไม่ต้องจ่ายของแพงเกินความจำเป็น หากคุณไม่ได้ยึด</h6>\r\n	<h6>\r\n		ติดกับแบรนด์ ใดแบรนด์หนึ่งที่ชื่อดัง หรือ เน้นการตลาดเท่านั้น ... แต่เป็นราคา ที่สมเหตุสมผล สามารถใช้ของระดับพรีเมี่ยม ไฮเอนด์ได้เช่นกัน</h6>\r\n	<h6>\r\n		หากคุณมีความต้องการเดียวกัน LA MOCHA คือตัวเลือกที่ดี ตัวนึงสำหรับคุณค่ะ ^^</h6>\r\n	<h6>\r\n		** หลายคนที่ไม่เคยใช้ อาจจะมีคำถามในใจ หรือ บางเสียง อาจจะบ่นหรือมองว่าแพง เราขออธิบายแบบนี้ค่ะ เราเน้นของดีพรีเมี่ยม ในราคาคุ้มค่าค่ะ เรียนตามตรงว่า เราไม้เน้นถูก หรือ เน้นแพง เราเน้น คุณค่า คุ้มค่า สมราคา ไม่เกินจริง **</h6>\r\n	<h6>\r\n		และ ประสบการณ์ ที่ผ่านมา มันทำให้เรารับรู้เสียง ความพึงพอใจ จากลูกค้าที่ใช้ว่า อะไร ที่ซื้อมา แล้วคุ้ม ได้ใช้ ถูกใจ คือไม่แพง เราเลยมีกำลังใจ คง Concept นี้ต่อไป โดยไม่เน้น การ ลดคุณค่า เพื่อลดราคา เท่านั้นค่ะ ***</h6>\r\n	<h6>\r\n		นี่เรา ยังไม่รวม ค่าใช้จ่ายในการ พัฒนาต่างๆ ต่อยอด การทุ่มเท ระยะเวลา และอีกมากมาย นะคะ เพราะเรา ไม่อยากเอามาคิดเป็นต้นทุนสินค้า แต่เรา อยากเอามันมาเป็น คุณค่าทางแบรนด์ ที่หวังเพียงให้ คุณลูกค้า ใช้สินค้าเราไปนานๆ ก็พอ ^^</h6>\r\n</div>\r\n<p>\r\n	เลือกอะไรที่ใช่ มันก็เป็นตัวช่วยที่ดี ให้เราได้จริงๆนะคะ ผลิตภัณฑ์ ทุกตัวใช้เวลาในการพัฒนาสูตร ที่ยาวนาน อย่างพิถีพิถัน จนได้สูตรที่ดีที่สุด และ มีการทดลอง โดยเจ้าของแบรนด์ บุคลากรในบริษัท และ อาสาสมัคร ทั้ง ใน LAB และ นอก LAB จริง !!!! ก่อนจำหน่าย</p>\r\n<div class=\"pro_about\">\r\n	<img class=\"img-fluid\" src=\"{{asset(\'public/frontend/images/promotion/11.jpg\')}}\" /></div>\r\n<p>\r\n	ไม่ได้ง่าย แต่ทำเพราะใจรัก จริงๆ และคิดว่า ต้องมีผู้หญิงแบบเรา ที่อยากคิดค้นสูตร ดีๆ พิเศษๆ ที่ทำให้เรา สาวสวย ไปนานๆ แต่ทุกคนไม่ได้มีความสะดวก จะมาทำตรงนี้ทุกคน นั้นเรา ขอเป็นตัวแทน ผู้หญิงที่มีสไตล์เดียวกันกับเรา เลยละกัน เลยเริ่ม ต่อยอด ศึกษา ค้นคว้า ปรับปรุง พัฒนา อย่างต่อเนื่อง จนคัดสรร ออกมาเป็น Premium Product ที่ ผ่านมาตรฐาน สากล ที่ได้รับการรองรับ และ ผ่านมาตรฐาน ระดับสากล จนเป็นสินค้า ที่ จำหน่ายทั้งใน และ ส่งออก ต่างประเทศ</p>\r\n<div class=\"pro_about\">\r\n	<img class=\"img-fluid\" src=\"{{asset(\'public/frontend/images/promotion/12.jpg\')}}\" /> <img class=\"img-fluid\" src=\"{{asset(\'public/frontend/images/promotion/13.jpg\')}}\" /></div>\r\n<h5>\r\n	จึงเป็นที่มา แบรนด์ LA MOCHA</h5>\r\n<div class=\"wonderful\">\r\n	<h6>\r\n		แบรนด์ LA MOCHA เป็น สุดยอด Skincare ที่มีความปลอดภัย และ คุณภาพสูง ใช้สารสกัดจากธรรมชาติ ผสมผสานนวัตกรรมล้ำๆ จากฝีมือผู้เชี่ยวชาญคนไทย และมีงานวิจัยรองรับ ในราคาสมเหตุสมผล</h6>\r\n	<h6>\r\n		เมื่อทดลองใช้เอง 100% พลอยจึงมั่นใจ ในผลิตภัณฑ์ทุกตัวของ LA MOCHA ว่าเป็นสินค้า เกรดพรีเมี่ยม คุณภาพเกินราคา มีความแตกต่างจากท้องตลาด วัตถุดิบที่นำมาใช้ มีปลอดภัยสูง มีงานวิจัยรองรับ ที่สำคัญ LA MOCHA ตั้งใจที่จะช่วยเกษตรกรไทย จึงเลือกใช้วัตถุดิบ และผลผลิตดีๆ มีคุณภาพสูงจากเกษตรไทยด้วยค่ะ</h6>\r\n	<h6>\r\n		เราเริ่มต้นด้วยเงินทุนไม่สูงมากนัก ค่อยๆ ขยายและเติบโตขึ้นจนถึงปัจจุบัน โดยทำการตลาดจากช่องทางออนไลน์เป็นหลัก และ ก้าวสู่ทางออฟไลน์ Beauty store คุณภาพ ในบางพื้นที่ เพื่อให้เข้าถึง Lifestyle ตอบสนองได้ตรงความต้องการของผู้บริโภค</h6>\r\n	<h6>\r\n		ปัจจุบัน แบรนด์ LA MOCHA (ลา โมช่า) เติบโตอย่างต่อเนื่อง ทั้งแบบออฟไลน์และออนไลน์ อีกทั้งได้ขยายออกไปสู่ต่างประเทศ ทั้ง ลาว กัมพูชา มาเลเซีย ออสเตรเลีย อเมริกา สวิสเซอร์แลนด์ และ ยังมีแผนที่จะขยายสินค้าไปยังประเทศอื่นๆ อย่างต่อเนื่องอีกด้วยค่ะ</h6>\r\n	<h6>\r\n		เพราะ &ldquo;รวยความฝัน&rdquo; จึงมีวันนี้ พลอยยินดีต้อนรับตัวแทนและลูกค้าทุกท่าน ให้มาเป็นครอบครัว LA MOCHA นะคะ ช่วยกันส่งต่อผลิตภัณฑ์ดีๆ มีคุณภาพ ในราคาไม่แรง ให้คนทั่วโลกได้ใช้ด้วยนะคะ</h6>\r\n	<h6>\r\n		หากสนใจเป็นตัวแทนจำหน่าย คลิกสมัครเลยค่ะ &gt;&gt; <a href=\"\">https://forms.gle/WNFQPEfeWtk4BP559</a></h6>\r\n</div>\r\n<div class=\"pro_about\">\r\n	<img class=\"img-fluid\" src=\"{{asset(\'public/frontend/images/promotion/14.jpg\')}}\" /> <img class=\"img-fluid\" src=\"{{asset(\'public/frontend/images/promotion/15.jpg\')}}\" /></div>\r\n<p>\r\n	ผู้หญิง อย่าหยุดสวย อย่ายอมแก่ ถนอมความสาว ไว้ให้นานที่สุดค่ะ ที่เราจะยื้อได้ เชื่อว่าทุกคนรู้ว่ามันสำคัญจริงๆ คงไม่ต้องอธิบาย</p>\r\n<div class=\"pro_about\">\r\n	<img class=\"img-fluid\" src=\"{{asset(\'public/frontend/images/promotion/16.jpg\')}}\" /> <img class=\"img-fluid\" src=\"{{asset(\'public/frontend/images/promotion/17.jpg\')}}\" /></div>\r\n<p>\r\n	ส่งออกไปยังต่างประเทศ ต่างๆ ทั้งแบบ Beauty และ Online ผ่าน Shipping ก็มีหมดค่ะ</p>\r\n<div class=\"pro_about\">\r\n	<img class=\"img-fluid\" src=\"{{asset(\'public/frontend/images/promotion/18.jpg\')}}\" /></div>\r\n<p>\r\n	ปัจจุบัน LA MOCHA มีสินค้า มากมายหลากหลายรายการ ดูรายละเอียดสินค้าเพิ่มเติม หรือ สั่งซื้อสินค้า คลิก &gt;&gt; <a href=\"\">https://www.lamocha.co.th/shop/</a></p>\r\n<p>\r\n	ชมรีวิว ผลิตภัณฑ์ สาระความรู้การดุแลผิว และ ข้อมูลการใช้ผลิตภัณฑ์ที่ Channel ของเรา คลิก &gt;&gt; <a href=\"\">https://www.youtube.com/channel/UCi-nSDIcGXXzkY4y6skAUQA/videos?view_as=subscriber</a></p>\r\n<div class=\"pro_about\">\r\n	<img class=\"img-fluid\" src=\"{{asset(\'public/frontend/images/promotion/19.jpg\')}}\" /></div>\r\n<p>\r\n	Premium Product ผลิตภัณฑ์ทั้งหมดของ LA MOCHA THAILAND</p>\r\n<div class=\"pro_about\">\r\n	<img class=\"img-fluid\" src=\"{{asset(\'public/frontend/images/promotion/20.jpg\')}}\" /></div>', '<h3>\r\n	เรื่องราวความเป็นมาจุดเด่นเกี่ยวกับผลิตภัณฑ์</h3>\r\n<p>\r\n	LA MOCHA พร้อมจุดกำเนิด ของผลิตภัณฑ์ตัวแรก กันแดด ในตำนาน ที่สร้างความประทับใจ ให้กับผู้ใช้จำนวนมาก</p>\r\n<p>\r\n	<iframe class=\"embed\" src=\"https://www.youtube.com/embed/jTk6mZfpA7k\"></iframe></p>\r\n<p>\r\n	คุณประโยชน์จากรังไหมสีทองของไทย สารสกัดล้ำค่า หนึ่งในผลิตภัณฑ์ ที่ภูมิใจนำเสนอ ที่หลายคนมักไม่รู้มากก่อน สารสกัดตัวนี้ถูกนำไปใช้ในนวัตกรรมความงามและดุแลผิว มากมาย ทั้งในไทยและต่างประเทศ</p>\r\n<p>\r\n	<img class=\"img-fluid\" src=\"{{asset(\'public/frontend/images/promotion/9.jpg\')}}\" /></p>\r\n<p>\r\n	เราเลือกสรร สิ่งที่ดี ที่สุด ด้วยความใส่ใจทุกรายละเอียด ของ คนที่ชอบสินค้าสไตล์ ธรรมชาติ ผสมผสาน นวัตกรรม แบบพรีเมี่ยม และ ไม่ยึดติดแบรนด์ แต่อยากได้สินค้าที่คุณภาพ สมราคา ไม่ต้องจ่ายแพงเกิน แต่คุ้มเกินค่า ถ้าถามว่า ทำไม ไม่ทำ Nature Product 100 % ไปเลยหล่ะ ก็ต้องอธิบายว่า บางที ธรรมชาติ อย่างเดียวเพียวๆล้วนๆ ก็ไม่ได้สามารถ แก้ปัญหาผิวต่างๆ หรือ มีประสิทธิภาพมากพอ ที่จะ ยื้อความสาว สวย ใส ของผิวเราไว้ได้ แต่การ ไม่ Nature 100 % ก็ไม่ได้แปลว่า สินค้าจะไม่ดี หรือ อันตรายนะคะ เพราะ ทุกอย่าง เราศึกษาและเลือกสิ่งที่ดีที่สุด ให้คุณแล้ว อุ่นใจได้ หากคุณลูกค้ายังไม่มั่นใจในสินค้าผลิตภัณฑ์ ของเราพอ เราเข้าใจ เรารู้ใจคุณค่ะ คุณลูกค้าสามารถขอดูรายละเอียด สินค้า สารสกัด และ การส่งทดสอบ LAB เป็นรายตัวได้เลยค่ะ เรายินดี ^^</p>\r\n<div class=\"pro_about\">\r\n	<img class=\"img-fluid\" src=\"{{asset(\'public/frontend/images/promotion/10.jpg\')}}\" /></div>\r\n<h5>\r\n	มหัศจรรย์แห่งครีมกันแดด ที่ทำไม๊ ทำไม ถึงขายดีนักหนา ไม่เคยตก</h5>\r\n<div class=\"wonderful\">\r\n	<h6>\r\n		ไม่ได้ง่าย #ของดีมักมีที่มา มหัศจรรย์แห่งครีมกันแดด ที่เป็นมากกว่าครีมกันแดด จาก Lamocha ( ลาโมช่า )</h6>\r\n	<h6>\r\n		&quot; อย่าเชื่อ!!! จนกว่าจะได้ลอง &quot;</h6>\r\n	<h6>\r\n		&ldquo;ใหม่ล่าสุด สินค้ามาแรง นวัตกรรมสุดล้ำ แห่งวงการกันแดด</h6>\r\n	<h6>\r\n		ที่มีถึง 3 นวัตกรรม ในหลอดเดียว มาพร้อมอาหารผิวในเนื้อครีมผสมรองพื้นแป้งไว้ในหลอดเดียว&rdquo; LA MOCHA Perfect Smooth mouse SunScreen SPF 50 PA ++++</h6>\r\n	<h6>\r\n		1. ลดขั้นตอนความยุ่งยากในการแต่งหน้า. ให้ประสิทธิภาพ ถึง3คุณสมบัติ ในขั้นตอนเดียว.</h6>\r\n	<h6 style=\"padding-left: 30px;\">\r\n		1.1 บำรุงล้ำลึก</h6>\r\n	<h6 style=\"padding-left: 30px;\">\r\n		1.2.ปกป้องผิวหน้าจาก UVA UVB ด้วยSPF 50++++.</h6>\r\n	<h6 style=\"padding-left: 30px;\">\r\n		1.3.เคลือบผิวละมุนดุจผงแป้งไหมทอง ให้ผิวดูสวยใส ผุดผ่อง อ่อนเยาว์เจิดจรัส โดยไม่ต้องทาแป้ง มิติใหม่ของครีมกันแดด ที่คุณจะต้องหลงรัก</h6>\r\n	<h6>\r\n		2. กันเหงื่อกันน้ำไม่เป็นคราบ.</h6>\r\n	<h6>\r\n		3. เบาสบายผิวเหมือนทาแป้งมีอาหารผิวหน้าไม่แก่เร็ว ปกป้องดี ปกปิด 3 ระดับ.</h6>\r\n	<h6>\r\n		4.เติมทับเมคอัพได้ ทาทับระหว่างวันได้ไม่เกิดคราบ</h6>\r\n	<h6>\r\n		5. อำพรางรูขุมขน เบลินผิวให้ดูเรียบเนียนละเอียด มีออร่าตลอดวัน.</h6>\r\n	<h6>\r\n		&quot; ทำการศึกษา ค้นหา พัฒนา ต่อยอด จากสูตรดั้งเดิม มาถึง 5 ปี กว่าจะมาเป็น กันแดด สูตรนี้</h6>\r\n	<h6>\r\n		สารสกัด เนื้อกันแดด ที่อุดมไปด้วย คุณค่า อาหารผิว โดยเฉพาะ สารสกัด รังไหมธรรมชาติ</h6>\r\n	<h6>\r\n		สีทอง ของไทย ที่มีประโยชน์ต่อผิวอย่างสูง</h6>\r\n	<h6>\r\n		( สารสกัด รังไหมสีทอง มีงานวิจัยจากหลายแหล่ง รองรับเช่น กระทรวงวิทยาศาสตร์ ของไทย เป็นที่ นิยมใช้ในเวชสำอางญี่ปุ่น )</h6>\r\n	<h6>\r\n		ตัวนี้ไม่ใช่แค่กันแดด แต่..มาพร้อมคุณค่าการบำรุงครอบคลุมการดูแลผิวขั้นสุด มอบความเจิดจรัส</h6>\r\n	<h6>\r\n		ให้ผิวคุณหลังทาทันทีและดูแลอย่างต่อเนื่อง ให้คุณเห็นถึงความเปลี่ยนแปลงของผิวที่มากกว่าผิวสวยใส แต่เป็น</h6>\r\n	<h6>\r\n		&quot; ผิวสวย ละมุน เนียนใส อ่อนเยาว์ เจิดจรัส &quot;</h6>\r\n	<h6>\r\n		#LAMOCHAThailand</h6>\r\n</div>\r\n<h5>\r\n	จุดเริ่มต้น</h5>\r\n<div class=\"wonderful\">\r\n	<h6>\r\n		&ldquo;LA MOCHA&rdquo; เริ่มจากความรักและความหลงใหลเกี่ยวกับ Skincare ของ &ldquo;พลอย&rdquo; ซึ่งเป็นเพียงแม่บ้านธรรมดาๆ คนหนึ่งที่ไม่ได้ร่ำรวยเงินทอง แต่พลอยร่ำรวยความฝัน นะคะ</h6>\r\n	<h6>\r\n		พลอยเป็นเด็กต่างจังหวัดหรือเรียกว่า เด็กบ้านนอก นั่นแหละคะ ขึ้นชื่อว่า บ้านนอก ทุกอย่างก็ดูล้าสมัย เชย โบราณ รวมถึงผิวพรรณของเด็กบ้าน</h6>\r\n	<h6>\r\n		นอก ที่เรามักจะเห็นว่า แห้ง หยาบกระด้าง ไม่สวย พลอยก็เป็นเช่นนั้น ด้วยความที่รักสวย รักงาม แต่ เหมือนโอกาส ในการจะซื้อผลิตภัณฑ์ แพงๆ</h6>\r\n	<h6>\r\n		ราคาสูงๆ มันดูจะยากซะเหลือเกิน เป็นความฝังใจเล็กๆ ที่เป็นแรงบันดาลใจอยากดูแลตัวเองด้วยผลิตภัณฑ์ดีๆ. ในเวลานั้นจึงดูแลตัวเองโดยศึกษา</h6>\r\n	<h6>\r\n		คุณสมบัติของธรรมชาติที่มีอยู่รอบตัวที่เราสามารถ ทำได้ แต่ก็ทำให้เราได้ค้นพบ อะไรบางอย่าง</h6>\r\n	<h6>\r\n		พลอยเอง ก็ได้โอกาสได้ศึกษา และเรียนรู้เพิ่มเติม เพื่อค้นคว้า วิจัย ให้ผลิตภัณฑ์ LaMocha ที่ออกมานั้น มีทั้งคุณภาพและคุณประโยชน์ต่อผู้ใช้</h6>\r\n	<h6>\r\n		สูงสุด ย้ำ!!! ภายในราคา ที่คุณลูกค้าจะคุ้มค่าที่สุด ไม่แพงเกินจริงไป ให้ความสำคัญ ที่คุณภาพ สินค้าและ สารสกัด เป็นหลัก</h6>\r\n	<h6>\r\n		จุดนี้ จากทั้งการทดลอง และ ประสบการณ์ความรู้เฉพาะด้าน ที่ได้ทำการศึกษาอย่างจริงจัง ในด้าน วิทยาศาสตร์ เครื่องสำอาง ทำให้พลอยเข้าใจ</h6>\r\n	<h6>\r\n		และ รู้ความจริงในจุดที่ ว่า ผู้หญิงที่ไม่สวย ก็สวยได้ !! หากดูแลผิวพรรณ อย่างต่อเนื่อง ด้วยสารสกัดจากธรรมชาติที่พรีเมี่ยม ใน % และ ความ</h6>\r\n	<h6>\r\n		ลงตัวของสูตร ที่เหมาะสม ก็จะได้รับ ความล้ำค่าของผลิตภัณฑ์ นั้น ต่อผิวแบบเต็มๆ โดย ไม่ต้องจ่ายของแพงเกินความจำเป็น หากคุณไม่ได้ยึด</h6>\r\n	<h6>\r\n		ติดกับแบรนด์ ใดแบรนด์หนึ่งที่ชื่อดัง หรือ เน้นการตลาดเท่านั้น ... แต่เป็นราคา ที่สมเหตุสมผล สามารถใช้ของระดับพรีเมี่ยม ไฮเอนด์ได้เช่นกัน</h6>\r\n	<h6>\r\n		หากคุณมีความต้องการเดียวกัน LA MOCHA คือตัวเลือกที่ดี ตัวนึงสำหรับคุณค่ะ ^^</h6>\r\n	<h6>\r\n		** หลายคนที่ไม่เคยใช้ อาจจะมีคำถามในใจ หรือ บางเสียง อาจจะบ่นหรือมองว่าแพง เราขออธิบายแบบนี้ค่ะ เราเน้นของดีพรีเมี่ยม ในราคาคุ้มค่าค่ะ เรียนตามตรงว่า เราไม้เน้นถูก หรือ เน้นแพง เราเน้น คุณค่า คุ้มค่า สมราคา ไม่เกินจริง **</h6>\r\n	<h6>\r\n		และ ประสบการณ์ ที่ผ่านมา มันทำให้เรารับรู้เสียง ความพึงพอใจ จากลูกค้าที่ใช้ว่า อะไร ที่ซื้อมา แล้วคุ้ม ได้ใช้ ถูกใจ คือไม่แพง เราเลยมีกำลังใจ คง Concept นี้ต่อไป โดยไม่เน้น การ ลดคุณค่า เพื่อลดราคา เท่านั้นค่ะ ***</h6>\r\n	<h6>\r\n		นี่เรา ยังไม่รวม ค่าใช้จ่ายในการ พัฒนาต่างๆ ต่อยอด การทุ่มเท ระยะเวลา และอีกมากมาย นะคะ เพราะเรา ไม่อยากเอามาคิดเป็นต้นทุนสินค้า แต่เรา อยากเอามันมาเป็น คุณค่าทางแบรนด์ ที่หวังเพียงให้ คุณลูกค้า ใช้สินค้าเราไปนานๆ ก็พอ ^^</h6>\r\n</div>\r\n<p>\r\n	เลือกอะไรที่ใช่ มันก็เป็นตัวช่วยที่ดี ให้เราได้จริงๆนะคะ ผลิตภัณฑ์ ทุกตัวใช้เวลาในการพัฒนาสูตร ที่ยาวนาน อย่างพิถีพิถัน จนได้สูตรที่ดีที่สุด และ มีการทดลอง โดยเจ้าของแบรนด์ บุคลากรในบริษัท และ อาสาสมัคร ทั้ง ใน LAB และ นอก LAB จริง !!!! ก่อนจำหน่าย</p>\r\n<div class=\"pro_about\">\r\n	<img class=\"img-fluid\" src=\"{{asset(\'public/frontend/images/promotion/11.jpg\')}}\" /></div>\r\n<p>\r\n	ไม่ได้ง่าย แต่ทำเพราะใจรัก จริงๆ และคิดว่า ต้องมีผู้หญิงแบบเรา ที่อยากคิดค้นสูตร ดีๆ พิเศษๆ ที่ทำให้เรา สาวสวย ไปนานๆ แต่ทุกคนไม่ได้มีความสะดวก จะมาทำตรงนี้ทุกคน นั้นเรา ขอเป็นตัวแทน ผู้หญิงที่มีสไตล์เดียวกันกับเรา เลยละกัน เลยเริ่ม ต่อยอด ศึกษา ค้นคว้า ปรับปรุง พัฒนา อย่างต่อเนื่อง จนคัดสรร ออกมาเป็น Premium Product ที่ ผ่านมาตรฐาน สากล ที่ได้รับการรองรับ และ ผ่านมาตรฐาน ระดับสากล จนเป็นสินค้า ที่ จำหน่ายทั้งใน และ ส่งออก ต่างประเทศ</p>\r\n<div class=\"pro_about\">\r\n	<img class=\"img-fluid\" src=\"{{asset(\'public/frontend/images/promotion/12.jpg\')}}\" /> <img class=\"img-fluid\" src=\"{{asset(\'public/frontend/images/promotion/13.jpg\')}}\" /></div>\r\n<h5>\r\n	จึงเป็นที่มา แบรนด์ LA MOCHA</h5>\r\n<div class=\"wonderful\">\r\n	<h6>\r\n		แบรนด์ LA MOCHA เป็น สุดยอด Skincare ที่มีความปลอดภัย และ คุณภาพสูง ใช้สารสกัดจากธรรมชาติ ผสมผสานนวัตกรรมล้ำๆ จากฝีมือผู้เชี่ยวชาญคนไทย และมีงานวิจัยรองรับ ในราคาสมเหตุสมผล</h6>\r\n	<h6>\r\n		เมื่อทดลองใช้เอง 100% พลอยจึงมั่นใจ ในผลิตภัณฑ์ทุกตัวของ LA MOCHA ว่าเป็นสินค้า เกรดพรีเมี่ยม คุณภาพเกินราคา มีความแตกต่างจากท้องตลาด วัตถุดิบที่นำมาใช้ มีปลอดภัยสูง มีงานวิจัยรองรับ ที่สำคัญ LA MOCHA ตั้งใจที่จะช่วยเกษตรกรไทย จึงเลือกใช้วัตถุดิบ และผลผลิตดีๆ มีคุณภาพสูงจากเกษตรไทยด้วยค่ะ</h6>\r\n	<h6>\r\n		เราเริ่มต้นด้วยเงินทุนไม่สูงมากนัก ค่อยๆ ขยายและเติบโตขึ้นจนถึงปัจจุบัน โดยทำการตลาดจากช่องทางออนไลน์เป็นหลัก และ ก้าวสู่ทางออฟไลน์ Beauty store คุณภาพ ในบางพื้นที่ เพื่อให้เข้าถึง Lifestyle ตอบสนองได้ตรงความต้องการของผู้บริโภค</h6>\r\n	<h6>\r\n		ปัจจุบัน แบรนด์ LA MOCHA (ลา โมช่า) เติบโตอย่างต่อเนื่อง ทั้งแบบออฟไลน์และออนไลน์ อีกทั้งได้ขยายออกไปสู่ต่างประเทศ ทั้ง ลาว กัมพูชา มาเลเซีย ออสเตรเลีย อเมริกา สวิสเซอร์แลนด์ และ ยังมีแผนที่จะขยายสินค้าไปยังประเทศอื่นๆ อย่างต่อเนื่องอีกด้วยค่ะ</h6>\r\n	<h6>\r\n		เพราะ &ldquo;รวยความฝัน&rdquo; จึงมีวันนี้ พลอยยินดีต้อนรับตัวแทนและลูกค้าทุกท่าน ให้มาเป็นครอบครัว LA MOCHA นะคะ ช่วยกันส่งต่อผลิตภัณฑ์ดีๆ มีคุณภาพ ในราคาไม่แรง ให้คนทั่วโลกได้ใช้ด้วยนะคะ</h6>\r\n	<h6>\r\n		หากสนใจเป็นตัวแทนจำหน่าย คลิกสมัครเลยค่ะ &gt;&gt; <a href=\"\">https://forms.gle/WNFQPEfeWtk4BP559</a></h6>\r\n</div>\r\n<div class=\"pro_about\">\r\n	<img class=\"img-fluid\" src=\"{{asset(\'public/frontend/images/promotion/14.jpg\')}}\" /> <img class=\"img-fluid\" src=\"{{asset(\'public/frontend/images/promotion/15.jpg\')}}\" /></div>\r\n<p>\r\n	ผู้หญิง อย่าหยุดสวย อย่ายอมแก่ ถนอมความสาว ไว้ให้นานที่สุดค่ะ ที่เราจะยื้อได้ เชื่อว่าทุกคนรู้ว่ามันสำคัญจริงๆ คงไม่ต้องอธิบาย</p>\r\n<div class=\"pro_about\">\r\n	<img class=\"img-fluid\" src=\"{{asset(\'public/frontend/images/promotion/16.jpg\')}}\" /> <img class=\"img-fluid\" src=\"{{asset(\'public/frontend/images/promotion/17.jpg\')}}\" /></div>\r\n<p>\r\n	ส่งออกไปยังต่างประเทศ ต่างๆ ทั้งแบบ Beauty และ Online ผ่าน Shipping ก็มีหมดค่ะ</p>\r\n<div class=\"pro_about\">\r\n	<img class=\"img-fluid\" src=\"{{asset(\'public/frontend/images/promotion/18.jpg\')}}\" /></div>\r\n<p>\r\n	ปัจจุบัน LA MOCHA มีสินค้า มากมายหลากหลายรายการ ดูรายละเอียดสินค้าเพิ่มเติม หรือ สั่งซื้อสินค้า คลิก &gt;&gt; <a href=\"\">https://www.lamocha.co.th/shop/</a></p>\r\n<p>\r\n	ชมรีวิว ผลิตภัณฑ์ สาระความรู้การดุแลผิว และ ข้อมูลการใช้ผลิตภัณฑ์ที่ Channel ของเรา คลิก &gt;&gt; <a href=\"\">https://www.youtube.com/channel/UCi-nSDIcGXXzkY4y6skAUQA/videos?view_as=subscriber</a></p>\r\n<div class=\"pro_about\">\r\n	<img class=\"img-fluid\" src=\"{{asset(\'public/frontend/images/promotion/19.jpg\')}}\" /></div>\r\n<p>\r\n	Premium Product ผลิตภัณฑ์ทั้งหมดของ LA MOCHA THAILAND</p>\r\n<div class=\"pro_about\">\r\n	<img class=\"img-fluid\" src=\"{{asset(\'public/frontend/images/promotion/20.jpg\')}}\" /></div>', '<h3>\r\n	เรื่องราวความเป็นมาจุดเด่นเกี่ยวกับผลิตภัณฑ์</h3>\r\n<p>\r\n	LA MOCHA พร้อมจุดกำเนิด ของผลิตภัณฑ์ตัวแรก กันแดด ในตำนาน ที่สร้างความประทับใจ ให้กับผู้ใช้จำนวนมาก</p>\r\n<p>\r\n	<iframe class=\"embed\" src=\"https://www.youtube.com/embed/jTk6mZfpA7k\"></iframe></p>\r\n<p>\r\n	คุณประโยชน์จากรังไหมสีทองของไทย สารสกัดล้ำค่า หนึ่งในผลิตภัณฑ์ ที่ภูมิใจนำเสนอ ที่หลายคนมักไม่รู้มากก่อน สารสกัดตัวนี้ถูกนำไปใช้ในนวัตกรรมความงามและดุแลผิว มากมาย ทั้งในไทยและต่างประเทศ</p>\r\n<p>\r\n	<img class=\"img-fluid\" src=\"{{asset(\'public/frontend/images/promotion/9.jpg\')}}\" /></p>\r\n<p>\r\n	เราเลือกสรร สิ่งที่ดี ที่สุด ด้วยความใส่ใจทุกรายละเอียด ของ คนที่ชอบสินค้าสไตล์ ธรรมชาติ ผสมผสาน นวัตกรรม แบบพรีเมี่ยม และ ไม่ยึดติดแบรนด์ แต่อยากได้สินค้าที่คุณภาพ สมราคา ไม่ต้องจ่ายแพงเกิน แต่คุ้มเกินค่า ถ้าถามว่า ทำไม ไม่ทำ Nature Product 100 % ไปเลยหล่ะ ก็ต้องอธิบายว่า บางที ธรรมชาติ อย่างเดียวเพียวๆล้วนๆ ก็ไม่ได้สามารถ แก้ปัญหาผิวต่างๆ หรือ มีประสิทธิภาพมากพอ ที่จะ ยื้อความสาว สวย ใส ของผิวเราไว้ได้ แต่การ ไม่ Nature 100 % ก็ไม่ได้แปลว่า สินค้าจะไม่ดี หรือ อันตรายนะคะ เพราะ ทุกอย่าง เราศึกษาและเลือกสิ่งที่ดีที่สุด ให้คุณแล้ว อุ่นใจได้ หากคุณลูกค้ายังไม่มั่นใจในสินค้าผลิตภัณฑ์ ของเราพอ เราเข้าใจ เรารู้ใจคุณค่ะ คุณลูกค้าสามารถขอดูรายละเอียด สินค้า สารสกัด และ การส่งทดสอบ LAB เป็นรายตัวได้เลยค่ะ เรายินดี ^^</p>\r\n<div class=\"pro_about\">\r\n	<img class=\"img-fluid\" src=\"{{asset(\'public/frontend/images/promotion/10.jpg\')}}\" /></div>\r\n<h5>\r\n	มหัศจรรย์แห่งครีมกันแดด ที่ทำไม๊ ทำไม ถึงขายดีนักหนา ไม่เคยตก</h5>\r\n<div class=\"wonderful\">\r\n	<h6>\r\n		ไม่ได้ง่าย #ของดีมักมีที่มา มหัศจรรย์แห่งครีมกันแดด ที่เป็นมากกว่าครีมกันแดด จาก Lamocha ( ลาโมช่า )</h6>\r\n	<h6>\r\n		&quot; อย่าเชื่อ!!! จนกว่าจะได้ลอง &quot;</h6>\r\n	<h6>\r\n		&ldquo;ใหม่ล่าสุด สินค้ามาแรง นวัตกรรมสุดล้ำ แห่งวงการกันแดด</h6>\r\n	<h6>\r\n		ที่มีถึง 3 นวัตกรรม ในหลอดเดียว มาพร้อมอาหารผิวในเนื้อครีมผสมรองพื้นแป้งไว้ในหลอดเดียว&rdquo; LA MOCHA Perfect Smooth mouse SunScreen SPF 50 PA ++++</h6>\r\n	<h6>\r\n		1. ลดขั้นตอนความยุ่งยากในการแต่งหน้า. ให้ประสิทธิภาพ ถึง3คุณสมบัติ ในขั้นตอนเดียว.</h6>\r\n	<h6 style=\"padding-left: 30px;\">\r\n		1.1 บำรุงล้ำลึก</h6>\r\n	<h6 style=\"padding-left: 30px;\">\r\n		1.2.ปกป้องผิวหน้าจาก UVA UVB ด้วยSPF 50++++.</h6>\r\n	<h6 style=\"padding-left: 30px;\">\r\n		1.3.เคลือบผิวละมุนดุจผงแป้งไหมทอง ให้ผิวดูสวยใส ผุดผ่อง อ่อนเยาว์เจิดจรัส โดยไม่ต้องทาแป้ง มิติใหม่ของครีมกันแดด ที่คุณจะต้องหลงรัก</h6>\r\n	<h6>\r\n		2. กันเหงื่อกันน้ำไม่เป็นคราบ.</h6>\r\n	<h6>\r\n		3. เบาสบายผิวเหมือนทาแป้งมีอาหารผิวหน้าไม่แก่เร็ว ปกป้องดี ปกปิด 3 ระดับ.</h6>\r\n	<h6>\r\n		4.เติมทับเมคอัพได้ ทาทับระหว่างวันได้ไม่เกิดคราบ</h6>\r\n	<h6>\r\n		5. อำพรางรูขุมขน เบลินผิวให้ดูเรียบเนียนละเอียด มีออร่าตลอดวัน.</h6>\r\n	<h6>\r\n		&quot; ทำการศึกษา ค้นหา พัฒนา ต่อยอด จากสูตรดั้งเดิม มาถึง 5 ปี กว่าจะมาเป็น กันแดด สูตรนี้</h6>\r\n	<h6>\r\n		สารสกัด เนื้อกันแดด ที่อุดมไปด้วย คุณค่า อาหารผิว โดยเฉพาะ สารสกัด รังไหมธรรมชาติ</h6>\r\n	<h6>\r\n		สีทอง ของไทย ที่มีประโยชน์ต่อผิวอย่างสูง</h6>\r\n	<h6>\r\n		( สารสกัด รังไหมสีทอง มีงานวิจัยจากหลายแหล่ง รองรับเช่น กระทรวงวิทยาศาสตร์ ของไทย เป็นที่ นิยมใช้ในเวชสำอางญี่ปุ่น )</h6>\r\n	<h6>\r\n		ตัวนี้ไม่ใช่แค่กันแดด แต่..มาพร้อมคุณค่าการบำรุงครอบคลุมการดูแลผิวขั้นสุด มอบความเจิดจรัส</h6>\r\n	<h6>\r\n		ให้ผิวคุณหลังทาทันทีและดูแลอย่างต่อเนื่อง ให้คุณเห็นถึงความเปลี่ยนแปลงของผิวที่มากกว่าผิวสวยใส แต่เป็น</h6>\r\n	<h6>\r\n		&quot; ผิวสวย ละมุน เนียนใส อ่อนเยาว์ เจิดจรัส &quot;</h6>\r\n	<h6>\r\n		#LAMOCHAThailand</h6>\r\n</div>\r\n<h5>\r\n	จุดเริ่มต้น</h5>\r\n<div class=\"wonderful\">\r\n	<h6>\r\n		&ldquo;LA MOCHA&rdquo; เริ่มจากความรักและความหลงใหลเกี่ยวกับ Skincare ของ &ldquo;พลอย&rdquo; ซึ่งเป็นเพียงแม่บ้านธรรมดาๆ คนหนึ่งที่ไม่ได้ร่ำรวยเงินทอง แต่พลอยร่ำรวยความฝัน นะคะ</h6>\r\n	<h6>\r\n		พลอยเป็นเด็กต่างจังหวัดหรือเรียกว่า เด็กบ้านนอก นั่นแหละคะ ขึ้นชื่อว่า บ้านนอก ทุกอย่างก็ดูล้าสมัย เชย โบราณ รวมถึงผิวพรรณของเด็กบ้าน</h6>\r\n	<h6>\r\n		นอก ที่เรามักจะเห็นว่า แห้ง หยาบกระด้าง ไม่สวย พลอยก็เป็นเช่นนั้น ด้วยความที่รักสวย รักงาม แต่ เหมือนโอกาส ในการจะซื้อผลิตภัณฑ์ แพงๆ</h6>\r\n	<h6>\r\n		ราคาสูงๆ มันดูจะยากซะเหลือเกิน เป็นความฝังใจเล็กๆ ที่เป็นแรงบันดาลใจอยากดูแลตัวเองด้วยผลิตภัณฑ์ดีๆ. ในเวลานั้นจึงดูแลตัวเองโดยศึกษา</h6>\r\n	<h6>\r\n		คุณสมบัติของธรรมชาติที่มีอยู่รอบตัวที่เราสามารถ ทำได้ แต่ก็ทำให้เราได้ค้นพบ อะไรบางอย่าง</h6>\r\n	<h6>\r\n		พลอยเอง ก็ได้โอกาสได้ศึกษา และเรียนรู้เพิ่มเติม เพื่อค้นคว้า วิจัย ให้ผลิตภัณฑ์ LaMocha ที่ออกมานั้น มีทั้งคุณภาพและคุณประโยชน์ต่อผู้ใช้</h6>\r\n	<h6>\r\n		สูงสุด ย้ำ!!! ภายในราคา ที่คุณลูกค้าจะคุ้มค่าที่สุด ไม่แพงเกินจริงไป ให้ความสำคัญ ที่คุณภาพ สินค้าและ สารสกัด เป็นหลัก</h6>\r\n	<h6>\r\n		จุดนี้ จากทั้งการทดลอง และ ประสบการณ์ความรู้เฉพาะด้าน ที่ได้ทำการศึกษาอย่างจริงจัง ในด้าน วิทยาศาสตร์ เครื่องสำอาง ทำให้พลอยเข้าใจ</h6>\r\n	<h6>\r\n		และ รู้ความจริงในจุดที่ ว่า ผู้หญิงที่ไม่สวย ก็สวยได้ !! หากดูแลผิวพรรณ อย่างต่อเนื่อง ด้วยสารสกัดจากธรรมชาติที่พรีเมี่ยม ใน % และ ความ</h6>\r\n	<h6>\r\n		ลงตัวของสูตร ที่เหมาะสม ก็จะได้รับ ความล้ำค่าของผลิตภัณฑ์ นั้น ต่อผิวแบบเต็มๆ โดย ไม่ต้องจ่ายของแพงเกินความจำเป็น หากคุณไม่ได้ยึด</h6>\r\n	<h6>\r\n		ติดกับแบรนด์ ใดแบรนด์หนึ่งที่ชื่อดัง หรือ เน้นการตลาดเท่านั้น ... แต่เป็นราคา ที่สมเหตุสมผล สามารถใช้ของระดับพรีเมี่ยม ไฮเอนด์ได้เช่นกัน</h6>\r\n	<h6>\r\n		หากคุณมีความต้องการเดียวกัน LA MOCHA คือตัวเลือกที่ดี ตัวนึงสำหรับคุณค่ะ ^^</h6>\r\n	<h6>\r\n		** หลายคนที่ไม่เคยใช้ อาจจะมีคำถามในใจ หรือ บางเสียง อาจจะบ่นหรือมองว่าแพง เราขออธิบายแบบนี้ค่ะ เราเน้นของดีพรีเมี่ยม ในราคาคุ้มค่าค่ะ เรียนตามตรงว่า เราไม้เน้นถูก หรือ เน้นแพง เราเน้น คุณค่า คุ้มค่า สมราคา ไม่เกินจริง **</h6>\r\n	<h6>\r\n		และ ประสบการณ์ ที่ผ่านมา มันทำให้เรารับรู้เสียง ความพึงพอใจ จากลูกค้าที่ใช้ว่า อะไร ที่ซื้อมา แล้วคุ้ม ได้ใช้ ถูกใจ คือไม่แพง เราเลยมีกำลังใจ คง Concept นี้ต่อไป โดยไม่เน้น การ ลดคุณค่า เพื่อลดราคา เท่านั้นค่ะ ***</h6>\r\n	<h6>\r\n		นี่เรา ยังไม่รวม ค่าใช้จ่ายในการ พัฒนาต่างๆ ต่อยอด การทุ่มเท ระยะเวลา และอีกมากมาย นะคะ เพราะเรา ไม่อยากเอามาคิดเป็นต้นทุนสินค้า แต่เรา อยากเอามันมาเป็น คุณค่าทางแบรนด์ ที่หวังเพียงให้ คุณลูกค้า ใช้สินค้าเราไปนานๆ ก็พอ ^^</h6>\r\n</div>\r\n<p>\r\n	เลือกอะไรที่ใช่ มันก็เป็นตัวช่วยที่ดี ให้เราได้จริงๆนะคะ ผลิตภัณฑ์ ทุกตัวใช้เวลาในการพัฒนาสูตร ที่ยาวนาน อย่างพิถีพิถัน จนได้สูตรที่ดีที่สุด และ มีการทดลอง โดยเจ้าของแบรนด์ บุคลากรในบริษัท และ อาสาสมัคร ทั้ง ใน LAB และ นอก LAB จริง !!!! ก่อนจำหน่าย</p>\r\n<div class=\"pro_about\">\r\n	<img class=\"img-fluid\" src=\"{{asset(\'public/frontend/images/promotion/11.jpg\')}}\" /></div>\r\n<p>\r\n	ไม่ได้ง่าย แต่ทำเพราะใจรัก จริงๆ และคิดว่า ต้องมีผู้หญิงแบบเรา ที่อยากคิดค้นสูตร ดีๆ พิเศษๆ ที่ทำให้เรา สาวสวย ไปนานๆ แต่ทุกคนไม่ได้มีความสะดวก จะมาทำตรงนี้ทุกคน นั้นเรา ขอเป็นตัวแทน ผู้หญิงที่มีสไตล์เดียวกันกับเรา เลยละกัน เลยเริ่ม ต่อยอด ศึกษา ค้นคว้า ปรับปรุง พัฒนา อย่างต่อเนื่อง จนคัดสรร ออกมาเป็น Premium Product ที่ ผ่านมาตรฐาน สากล ที่ได้รับการรองรับ และ ผ่านมาตรฐาน ระดับสากล จนเป็นสินค้า ที่ จำหน่ายทั้งใน และ ส่งออก ต่างประเทศ</p>\r\n<div class=\"pro_about\">\r\n	<img class=\"img-fluid\" src=\"{{asset(\'public/frontend/images/promotion/12.jpg\')}}\" /> <img class=\"img-fluid\" src=\"{{asset(\'public/frontend/images/promotion/13.jpg\')}}\" /></div>\r\n<h5>\r\n	จึงเป็นที่มา แบรนด์ LA MOCHA</h5>\r\n<div class=\"wonderful\">\r\n	<h6>\r\n		แบรนด์ LA MOCHA เป็น สุดยอด Skincare ที่มีความปลอดภัย และ คุณภาพสูง ใช้สารสกัดจากธรรมชาติ ผสมผสานนวัตกรรมล้ำๆ จากฝีมือผู้เชี่ยวชาญคนไทย และมีงานวิจัยรองรับ ในราคาสมเหตุสมผล</h6>\r\n	<h6>\r\n		เมื่อทดลองใช้เอง 100% พลอยจึงมั่นใจ ในผลิตภัณฑ์ทุกตัวของ LA MOCHA ว่าเป็นสินค้า เกรดพรีเมี่ยม คุณภาพเกินราคา มีความแตกต่างจากท้องตลาด วัตถุดิบที่นำมาใช้ มีปลอดภัยสูง มีงานวิจัยรองรับ ที่สำคัญ LA MOCHA ตั้งใจที่จะช่วยเกษตรกรไทย จึงเลือกใช้วัตถุดิบ และผลผลิตดีๆ มีคุณภาพสูงจากเกษตรไทยด้วยค่ะ</h6>\r\n	<h6>\r\n		เราเริ่มต้นด้วยเงินทุนไม่สูงมากนัก ค่อยๆ ขยายและเติบโตขึ้นจนถึงปัจจุบัน โดยทำการตลาดจากช่องทางออนไลน์เป็นหลัก และ ก้าวสู่ทางออฟไลน์ Beauty store คุณภาพ ในบางพื้นที่ เพื่อให้เข้าถึง Lifestyle ตอบสนองได้ตรงความต้องการของผู้บริโภค</h6>\r\n	<h6>\r\n		ปัจจุบัน แบรนด์ LA MOCHA (ลา โมช่า) เติบโตอย่างต่อเนื่อง ทั้งแบบออฟไลน์และออนไลน์ อีกทั้งได้ขยายออกไปสู่ต่างประเทศ ทั้ง ลาว กัมพูชา มาเลเซีย ออสเตรเลีย อเมริกา สวิสเซอร์แลนด์ และ ยังมีแผนที่จะขยายสินค้าไปยังประเทศอื่นๆ อย่างต่อเนื่องอีกด้วยค่ะ</h6>\r\n	<h6>\r\n		เพราะ &ldquo;รวยความฝัน&rdquo; จึงมีวันนี้ พลอยยินดีต้อนรับตัวแทนและลูกค้าทุกท่าน ให้มาเป็นครอบครัว LA MOCHA นะคะ ช่วยกันส่งต่อผลิตภัณฑ์ดีๆ มีคุณภาพ ในราคาไม่แรง ให้คนทั่วโลกได้ใช้ด้วยนะคะ</h6>\r\n	<h6>\r\n		หากสนใจเป็นตัวแทนจำหน่าย คลิกสมัครเลยค่ะ &gt;&gt; <a href=\"\">https://forms.gle/WNFQPEfeWtk4BP559</a></h6>\r\n</div>\r\n<div class=\"pro_about\">\r\n	<img class=\"img-fluid\" src=\"{{asset(\'public/frontend/images/promotion/14.jpg\')}}\" /> <img class=\"img-fluid\" src=\"{{asset(\'public/frontend/images/promotion/15.jpg\')}}\" /></div>\r\n<p>\r\n	ผู้หญิง อย่าหยุดสวย อย่ายอมแก่ ถนอมความสาว ไว้ให้นานที่สุดค่ะ ที่เราจะยื้อได้ เชื่อว่าทุกคนรู้ว่ามันสำคัญจริงๆ คงไม่ต้องอธิบาย</p>\r\n<div class=\"pro_about\">\r\n	<img class=\"img-fluid\" src=\"{{asset(\'public/frontend/images/promotion/16.jpg\')}}\" /> <img class=\"img-fluid\" src=\"{{asset(\'public/frontend/images/promotion/17.jpg\')}}\" /></div>\r\n<p>\r\n	ส่งออกไปยังต่างประเทศ ต่างๆ ทั้งแบบ Beauty และ Online ผ่าน Shipping ก็มีหมดค่ะ</p>\r\n<div class=\"pro_about\">\r\n	<img class=\"img-fluid\" src=\"{{asset(\'public/frontend/images/promotion/18.jpg\')}}\" /></div>\r\n<p>\r\n	ปัจจุบัน LA MOCHA มีสินค้า มากมายหลากหลายรายการ ดูรายละเอียดสินค้าเพิ่มเติม หรือ สั่งซื้อสินค้า คลิก &gt;&gt; <a href=\"\">https://www.lamocha.co.th/shop/</a></p>\r\n<p>\r\n	ชมรีวิว ผลิตภัณฑ์ สาระความรู้การดุแลผิว และ ข้อมูลการใช้ผลิตภัณฑ์ที่ Channel ของเรา คลิก &gt;&gt; <a href=\"\">https://www.youtube.com/channel/UCi-nSDIcGXXzkY4y6skAUQA/videos?view_as=subscriber</a></p>\r\n<div class=\"pro_about\">\r\n	<img class=\"img-fluid\" src=\"{{asset(\'public/frontend/images/promotion/19.jpg\')}}\" /></div>\r\n<p>\r\n	Premium Product ผลิตภัณฑ์ทั้งหมดของ LA MOCHA THAILAND</p>\r\n<div class=\"pro_about\">\r\n	<img class=\"img-fluid\" src=\"{{asset(\'public/frontend/images/promotion/20.jpg\')}}\" /></div>', '<h3>\r\n	ประวัติความเป็นมาขององค์กร และ วิสัยทัศน์ขององค์กร</h3>\r\n<p>\r\n	คุณ พลอย มโนชา นิจปิยนันท์<br />\r\n	เกิดเมื่อวันที่ 12 พฤศจิกายน พศ. 2531<br />\r\n	เป็นผู้ก่อตั้งบริษัท ออลกู๊ด เฮ้ลท์ แอนด์สกินจำกัด</p>\r\n<p>\r\n	<iframe class=\"embed\" src=\"https://www.youtube.com/embed/VnDfk68cL-k\"></iframe></p>', '<h3>\r\n	ประวัติความเป็นมาขององค์กร และ วิสัยทัศน์ขององค์กร</h3>\r\n<p>\r\n	คุณ พลอย มโนชา นิจปิยนันท์<br />\r\n	เกิดเมื่อวันที่ 12 พฤศจิกายน พศ. 2531<br />\r\n	เป็นผู้ก่อตั้งบริษัท ออลกู๊ด เฮ้ลท์ แอนด์สกินจำกัด</p>\r\n<p>\r\n	<iframe class=\"embed\" src=\"https://www.youtube.com/embed/VnDfk68cL-k\"></iframe></p>', '<h3>\r\n	ประวัติความเป็นมาขององค์กร และ วิสัยทัศน์ขององค์กร</h3>\r\n<p>\r\n	คุณ พลอย มโนชา นิจปิยนันท์<br />\r\n	เกิดเมื่อวันที่ 12 พฤศจิกายน พศ. 2531<br />\r\n	เป็นผู้ก่อตั้งบริษัท ออลกู๊ด เฮ้ลท์ แอนด์สกินจำกัด</p>\r\n<p>\r\n	<iframe class=\"embed\" src=\"https://www.youtube.com/embed/VnDfk68cL-k\"></iframe></p>', '2021-07-13 04:58:00', '::1');

-- --------------------------------------------------------

--
-- Table structure for table `lv_agent`
--

CREATE TABLE `lv_agent` (
  `agent_id` int(11) NOT NULL,
  `agent_image` varchar(255) NOT NULL,
  `agent_wait` enum('No','Yes') NOT NULL,
  `agent_name` varchar(255) NOT NULL,
  `agent_surname` varchar(255) NOT NULL,
  `agent_gender` int(11) NOT NULL,
  `agent_age` int(11) NOT NULL,
  `agent_date` date NOT NULL,
  `agent_tiktok` varchar(255) NOT NULL,
  `agent_favourite` varchar(255) NOT NULL,
  `agent_sale_online` varchar(255) NOT NULL,
  `agent_sale_offline` varchar(255) NOT NULL,
  `agent_type_product` text NOT NULL,
  `agent_email` varchar(255) NOT NULL,
  `agent_telephone` varchar(255) NOT NULL,
  `agent_mobile` varchar(255) NOT NULL,
  `agent_current_address` text NOT NULL,
  `agent_shipping_address` text NOT NULL,
  `agent_shipping_address_address` text NOT NULL,
  `agent_shipping_province` varchar(255) NOT NULL,
  `agent_shipping_district` varchar(255) NOT NULL,
  `agent_shipping_amphur` varchar(255) NOT NULL,
  `agent_shipping_postcode` varchar(255) NOT NULL,
  `agent_birth_day` date NOT NULL,
  `agent_shirt_size` varchar(255) NOT NULL,
  `agent_line` varchar(255) NOT NULL,
  `agent_facebook` varchar(255) NOT NULL,
  `agent_instagram` varchar(255) NOT NULL,
  `agent_type` varchar(255) NOT NULL,
  `agent_area_sale_comfortable` text NOT NULL,
  `agent_password` varchar(255) NOT NULL,
  `agent_new_address` text DEFAULT NULL,
  `agent_new_province` varchar(255) DEFAULT NULL,
  `agent_new_amphur` varchar(255) DEFAULT NULL,
  `agent_new_district` varchar(255) DEFAULT NULL,
  `agent_new_postal_code` varchar(255) DEFAULT NULL,
  `agent_google_map` text DEFAULT NULL,
  `agent_register_500` enum('No','Yes') NOT NULL,
  `agent_age_25_55` enum('No','Yes') NOT NULL,
  `agent_meta_500` enum('No','Yes') NOT NULL,
  `agent_look_at_the_world` enum('No','Yes') NOT NULL,
  `agent_lifestyle` enum('No','Yes') NOT NULL,
  `agent_product_thai` enum('No','Yes') NOT NULL,
  `agent_social` enum('No','Yes') NOT NULL,
  `agent_sale` enum('No','Yes') NOT NULL,
  `agent_doing` enum('No','Yes') NOT NULL,
  `agent_datetime_create` datetime NOT NULL,
  `agent_ip_create` varchar(255) NOT NULL,
  `agent_datetime_update` datetime NOT NULL,
  `agent_ip_update` varchar(255) NOT NULL
) ENGINE=InnoDB DEFAULT CHARSET=utf8;

--
-- Dumping data for table `lv_agent`
--

INSERT INTO `lv_agent` (`agent_id`, `agent_image`, `agent_wait`, `agent_name`, `agent_surname`, `agent_gender`, `agent_age`, `agent_date`, `agent_tiktok`, `agent_favourite`, `agent_sale_online`, `agent_sale_offline`, `agent_type_product`, `agent_email`, `agent_telephone`, `agent_mobile`, `agent_current_address`, `agent_shipping_address`, `agent_shipping_address_address`, `agent_shipping_province`, `agent_shipping_district`, `agent_shipping_amphur`, `agent_shipping_postcode`, `agent_birth_day`, `agent_shirt_size`, `agent_line`, `agent_facebook`, `agent_instagram`, `agent_type`, `agent_area_sale_comfortable`, `agent_password`, `agent_new_address`, `agent_new_province`, `agent_new_amphur`, `agent_new_district`, `agent_new_postal_code`, `agent_google_map`, `agent_register_500`, `agent_age_25_55`, `agent_meta_500`, `agent_look_at_the_world`, `agent_lifestyle`, `agent_product_thai`, `agent_social`, `agent_sale`, `agent_doing`, `agent_datetime_create`, `agent_ip_create`, `agent_datetime_update`, `agent_ip_update`) VALUES
(1, '9515.jpg', 'No', 'Ford', 'Fuji', 0, 42, '2021-11-10', 'F', 'dd', 'No', 'Yes', 'dd', 'sitiporn@orange-thailand.com', '0990943010', '0963206829', '366/66', '366/66', '', '', '', '', '', '1979-06-14', 'A', 'B', 'C', 'D', 'DropShip', 'dd', 'qwaszx', NULL, NULL, NULL, NULL, NULL, NULL, 'No', 'No', 'No', 'No', 'No', 'No', 'Yes', 'Yes', 'Yes', '2021-11-10 09:33:38', '::1', '2021-11-10 09:33:38', '::1');

-- --------------------------------------------------------

--
-- Table structure for table `lv_agent_backup_2020.10.09`
--

CREATE TABLE `lv_agent_backup_2020.10.09` (
  `agent_id` int(11) NOT NULL,
  `country_id` int(11) NOT NULL,
  `type_id` int(11) NOT NULL,
  `agent_name_th` varchar(255) NOT NULL,
  `agent_name_en` varchar(255) NOT NULL,
  `agent_name_ch` text NOT NULL,
  `agent_address_th` text NOT NULL,
  `agent_address_en` text NOT NULL,
  `agent_address_ch` text NOT NULL,
  `agent_google_map` text NOT NULL,
  `agent_datetime_create` datetime NOT NULL,
  `agent_ip_create` varchar(255) NOT NULL,
  `agent_datetime_update` datetime NOT NULL,
  `agent_ip_update` int(11) NOT NULL
) ENGINE=InnoDB DEFAULT CHARSET=utf8;

--
-- Dumping data for table `lv_agent_backup_2020.10.09`
--

INSERT INTO `lv_agent_backup_2020.10.09` (`agent_id`, `country_id`, `type_id`, `agent_name_th`, `agent_name_en`, `agent_name_ch`, `agent_address_th`, `agent_address_en`, `agent_address_ch`, `agent_google_map`, `agent_datetime_create`, `agent_ip_create`, `agent_datetime_update`, `agent_ip_update`) VALUES
(1, 1, 1, 'คุณ ภัควรินทร์ เกียรติกูลภัสร์', 'คุณ ภัควรินทร์ เกียรติกูลภัสร์', 'คุณ ภัควรินทร์ เกียรติกูลภัสร์', 'เลขที่ 5 หมู่ 5 ต.สระแจง อ.บางระจัน จ.สิงห์บุรี 16130', 'เลขที่ 5 หมู่ 5 ต.สระแจง อ.บางระจัน จ.สิงห์บุรี 16130', 'เลขที่ 5 หมู่ 5 ต.สระแจง อ.บางระจัน จ.สิงห์บุรี 16130', 'https://www.google.com/maps/embed?pb=!1m14!1m8!1m3!1d496085.2904004586!2d100.42960931640626!3d13.738640095047291!3m2!1i1024!2i768!4f13.1!3m3!1m2!1s0x0%3A0x3314589d712fb05a!2sEmQuartier!5e0!3m2!1sen!2sus!4v1585570686899!5m2!1sen!2sus', '2020-10-08 04:02:54', '::1', '2020-10-08 04:04:01', 0),
(2, 4, 1, 'คุณ สุชานันท์ เอี่ยมพันธ์', 'คุณ สุชานันท์ เอี่ยมพันธ์', 'คุณ สุชานันท์ เอี่ยมพันธ์', '160 ถ.พุทธมณฑลสาย1 ซอย21 แขวงบางระมาด เขตตลิ่งชัน เขตตลิ่งชัน จังหวัดกรุงเทพมหานคร 10170', '160 ถ.พุทธมณฑลสาย1 ซอย21 แขวงบางระมาด เขตตลิ่งชัน เขตตลิ่งชัน จังหวัดกรุงเทพมหานคร 10170', '160 ถ.พุทธมณฑลสาย1 ซอย21 แขวงบางระมาด เขตตลิ่งชัน เขตตลิ่งชัน จังหวัดกรุงเทพมหานคร 10170', 'https://www.google.com/maps/embed?pb=!1m14!1m8!1m3!1d31004.30979121433!2d100.534935!3d13.746354!3m2!1i1024!2i768!4f13.1!3m3!1m2!1s0x0%3A0xcc25c0b48d43099c!2sNasha%20Made%20in%20Mars%20-%20Siam%20Paragon%20MF!5e0!3m2!1sen!2sus!4v1585571550339!5m2!1sen!2sus', '2020-10-08 04:04:55', '::1', '2020-10-08 04:04:55', 0);

-- --------------------------------------------------------

--
-- Table structure for table `lv_agent_banner`
--

CREATE TABLE `lv_agent_banner` (
  `agent_banner_id` int(11) NOT NULL,
  `agent_banner_image_th` varchar(255) NOT NULL,
  `agent_banner_image_en` varchar(255) NOT NULL,
  `agent_banner_image_ch` varchar(255) NOT NULL,
  `agent_banner_datetime_update` datetime NOT NULL,
  `agent_banner_ip_update` varchar(255) NOT NULL
) ENGINE=InnoDB DEFAULT CHARSET=utf8;

--
-- Dumping data for table `lv_agent_banner`
--

INSERT INTO `lv_agent_banner` (`agent_banner_id`, `agent_banner_image_th`, `agent_banner_image_en`, `agent_banner_image_ch`, `agent_banner_datetime_update`, `agent_banner_ip_update`) VALUES
(1, 'img-apply-agent.jpg', 'img_study_1.png', 'img_study_2.png', '2020-10-01 06:17:53', '::1');

-- --------------------------------------------------------

--
-- Table structure for table `lv_agent_product`
--

CREATE TABLE `lv_agent_product` (
  `agent_product_id` int(11) NOT NULL,
  `agent_product_name_th` varchar(255) NOT NULL,
  `agent_product_name_en` varchar(255) NOT NULL,
  `agent_product_name_ch` varchar(255) NOT NULL,
  `agent_product_datetime_create` datetime NOT NULL,
  `agent_product_ip_create` varchar(255) NOT NULL,
  `agent_product_datetime_update` timestamp NOT NULL DEFAULT current_timestamp() ON UPDATE current_timestamp(),
  `agent_product_ip_update` varchar(255) NOT NULL
) ENGINE=InnoDB DEFAULT CHARSET=utf8;

--
-- Dumping data for table `lv_agent_product`
--

INSERT INTO `lv_agent_product` (`agent_product_id`, `agent_product_name_th`, `agent_product_name_en`, `agent_product_name_ch`, `agent_product_datetime_create`, `agent_product_ip_create`, `agent_product_datetime_update`, `agent_product_ip_update`) VALUES
(1, 'ครีมกันแดด', 'ครีมกันแดด', 'ครีมกันแดด', '2020-10-09 08:40:19', '::1', '2020-10-09 01:40:19', '::1'),
(2, 'เซรั่ม', 'เซรั่ม', 'เซรั่ม', '2020-10-09 08:44:26', '::1', '2020-10-11 19:47:20', '::1'),
(4, 'ครีมบำรุง', 'ครีมบำรุง', 'ครีมบำรุง', '2020-10-12 02:47:37', '::1', '2020-10-11 19:47:37', '::1'),
(5, 'Ampoule', 'Ampoule', 'Ampoule', '2020-10-12 02:48:00', '::1', '2020-10-11 19:48:00', '::1');

-- --------------------------------------------------------

--
-- Table structure for table `lv_banner_slide`
--

CREATE TABLE `lv_banner_slide` (
  `banner_slide_id` int(11) NOT NULL,
  `banner_slide_image_th` varchar(255) NOT NULL,
  `banner_slide_image_en` varchar(255) NOT NULL,
  `banner_slide_image_ch` varchar(255) NOT NULL,
  `banner_slide_datetime_create` datetime NOT NULL,
  `banner_slide_ip_create` varchar(255) NOT NULL,
  `banner_slide_datetime_update` datetime NOT NULL,
  `banner_slide_ip_update` varchar(255) NOT NULL
) ENGINE=InnoDB DEFAULT CHARSET=utf8;

--
-- Dumping data for table `lv_banner_slide`
--

INSERT INTO `lv_banner_slide` (`banner_slide_id`, `banner_slide_image_th`, `banner_slide_image_en`, `banner_slide_image_ch`, `banner_slide_datetime_create`, `banner_slide_ip_create`, `banner_slide_datetime_update`, `banner_slide_ip_update`) VALUES
(1, 'bannerhome.jpg', 'bannerhome.jpg', 'bannerhome.jpg', '2020-10-20 04:02:27', '124.120.117.45', '2020-10-20 04:02:27', '124.120.117.45'),
(2, 'bannerhome_2.png', 'bannerhome_2.png', 'bannerhome_2.png', '2020-10-20 04:05:25', '124.120.117.45', '2020-10-20 04:11:42', '124.120.117.45'),
(3, 'bannerhome-1.jpg', 'bannerhome-1.jpg', 'bannerhome-1.jpg', '2020-10-20 04:12:07', '124.120.117.45', '2020-10-20 04:12:07', '124.120.117.45');

-- --------------------------------------------------------

--
-- Table structure for table `lv_coach`
--

CREATE TABLE `lv_coach` (
  `coach_id` int(11) NOT NULL,
  `coach_image` varchar(255) DEFAULT NULL,
  `coach_name_th` varchar(255) NOT NULL,
  `coach_name_en` varchar(255) NOT NULL,
  `coach_name_ch` varchar(255) NOT NULL,
  `coach_nickname_th` varchar(255) NOT NULL,
  `coach_nickname_en` varchar(255) NOT NULL,
  `coach_nickname_ch` varchar(255) NOT NULL,
  `coach_description_th` text NOT NULL,
  `coach_description_en` text NOT NULL,
  `coach_description_ch` text NOT NULL,
  `coach_datetime_create` datetime NOT NULL,
  `coach_ip_create` varchar(255) NOT NULL,
  `coach_datetime_update` datetime NOT NULL,
  `coach_ip_update` varchar(255) NOT NULL
) ENGINE=InnoDB DEFAULT CHARSET=utf8;

--
-- Dumping data for table `lv_coach`
--

INSERT INTO `lv_coach` (`coach_id`, `coach_image`, `coach_name_th`, `coach_name_en`, `coach_name_ch`, `coach_nickname_th`, `coach_nickname_en`, `coach_nickname_ch`, `coach_description_th`, `coach_description_en`, `coach_description_ch`, `coach_datetime_create`, `coach_ip_create`, `coach_datetime_update`, `coach_ip_update`) VALUES
(1, 'img_study.png', 'ดาราวรรณ ล่องคลอง', 'ดาราวรรณ ล่องคลอง', 'ดาราวรรณ ล่องคลอง', 'โค้ชมิน', 'โค้ชมิน', 'โค้ชมิน', 'นายหน้าอสังหาฯ มืออาชีพ ประสบการณ์มากกว่า 7 ปี!@#$%^&*()ผู้เชี่ยวชาญด้านการตลาดออนไลน์ขายอสังหาฯ Facebook Ads และ Google Ads!@#$%^&*()ผู้ร่วมก่อตั้งบริษัทโบรคเกอร์อสังหาฯ เป็นตัวแทนนาย หน้าฯ ดูแลการขายอสังหาฯ มูลค่ากว่า 1,000 ล้านบาท!@#$%^&*()วิทยากรสอนตัวแทนนายหน้าอสังหาฯมากว่า 15 รุ่น !!!@#$%^&*()', 'นายหน้าอสังหาฯ มืออาชีพ ประสบการณ์มากกว่า 7 ปี!@#$%^&*()ผู้เชี่ยวชาญด้านการตลาดออนไลน์ขายอสังหาฯ Facebook Ads และ Google Ads!@#$%^&*()ผู้ร่วมก่อตั้งบริษัทโบรคเกอร์อสังหาฯ เป็นตัวแทนนาย หน้าฯ ดูแลการขายอสังหาฯ มูลค่ากว่า 1,000 ล้านบาท!@#$%^&*()วิทยากรสอนตัวแทนนายหน้าอสังหาฯมากว่า 15 รุ่น !!!@#$%^&*()', 'นายหน้าอสังหาฯ มืออาชีพ ประสบการณ์มากกว่า 7 ปี!@#$%^&*()ผู้เชี่ยวชาญด้านการตลาดออนไลน์ขายอสังหาฯ Facebook Ads และ Google Ads!@#$%^&*()ผู้ร่วมก่อตั้งบริษัทโบรคเกอร์อสังหาฯ เป็นตัวแทนนาย หน้าฯ ดูแลการขายอสังหาฯ มูลค่ากว่า 1,000 ล้านบาท!@#$%^&*()วิทยากรสอนตัวแทนนายหน้าอสังหาฯมากว่า 15 รุ่น !!!@#$%^&*()', '2020-10-06 03:43:26', '::1', '2020-10-06 06:32:02', '::1');

-- --------------------------------------------------------

--
-- Table structure for table `lv_contact_us`
--

CREATE TABLE `lv_contact_us` (
  `contact_us_id` int(11) NOT NULL,
  `contact_us_name` varchar(255) NOT NULL,
  `contact_us_surname` varchar(255) NOT NULL,
  `contact_us_email` varchar(255) NOT NULL,
  `contact_us_telephone` varchar(255) NOT NULL,
  `contact_us_message` text NOT NULL,
  `contact_us_datetime_create` datetime NOT NULL,
  `contact_us_ip_create` varchar(255) NOT NULL
) ENGINE=InnoDB DEFAULT CHARSET=utf8;

--
-- Dumping data for table `lv_contact_us`
--

INSERT INTO `lv_contact_us` (`contact_us_id`, `contact_us_name`, `contact_us_surname`, `contact_us_email`, `contact_us_telephone`, `contact_us_message`, `contact_us_datetime_create`, `contact_us_ip_create`) VALUES
(1, 'Ford', 'Fuji', 'nirvanaford94@gmail.com', '0999999999', 'Test', '2020-10-05 10:27:15', '::1'),
(2, 'Ford', 'Fuji', 'nirvanaford94@gmail.com', '0999999999', 'Test', '2020-10-05 10:27:31', '::1'),
(3, 'Ford', 'Fuji', 'nirvanaford94@gmail.com', '0999999999', 'Test', '2020-10-05 10:28:41', '::1'),
(4, 'Ford', 'Fuji', 'nirvanaford94@gmail.com', '0999999999', 'ooo', '2020-10-05 10:29:46', '::1'),
(5, 'Ford', 'Fuji', 'nirvanaford94@gmail.com', '0999999999', 'Test', '2020-10-08 04:48:10', '::1'),
(6, 'Ford', 'Fuji', 'nirvanaford94@gmail.com', '0999999999', 'Test', '2020-10-08 04:48:27', '::1'),
(7, 'Ford', 'Fuji', 'nirvanaford94@gmail.com', '0999999999', 'Test', '2020-10-08 04:48:40', '::1'),
(8, 'Ford', 'Fuji', 'nirvanaford94@gmail.com', '0999999999', 'Test', '2020-10-08 04:49:03', '::1'),
(9, 'Ford', 'Fuji', 'nirvanaford94@gmail.com', '0999999999', 'Test', '2020-10-08 04:50:42', '::1'),
(10, 'Ford', 'Fuji', 'nirvanaford94@gmail.com', '0999999999', 'Test', '2020-10-08 04:51:41', '::1'),
(11, 'Ford', 'Fuji', 'nirvanaford94@gmail.com', '0999999999', 'Test', '2020-10-08 04:52:51', '::1');

-- --------------------------------------------------------

--
-- Table structure for table `lv_country`
--

CREATE TABLE `lv_country` (
  `country_id` int(11) NOT NULL,
  `country_name_th` varchar(255) NOT NULL,
  `country_name_en` varchar(255) NOT NULL,
  `country_name_ch` varchar(255) NOT NULL,
  `country_datetime_create` datetime NOT NULL,
  `country_ip_create` varchar(255) NOT NULL,
  `country_datetime_update` datetime NOT NULL,
  `country_ip_update` varchar(255) NOT NULL
) ENGINE=InnoDB DEFAULT CHARSET=utf8;

--
-- Dumping data for table `lv_country`
--

INSERT INTO `lv_country` (`country_id`, `country_name_th`, `country_name_en`, `country_name_ch`, `country_datetime_create`, `country_ip_create`, `country_datetime_update`, `country_ip_update`) VALUES
(1, 'ไทย', 'ไทย', 'ไทย', '2020-10-08 03:11:46', '::1', '2020-10-08 03:11:46', '::1'),
(2, 'จีน', 'จีน', 'จีน', '2020-10-08 03:12:01', '::1', '2020-10-08 03:12:01', '::1'),
(4, 'ลาว', 'ลาว', 'ลาว', '2020-10-08 03:12:29', '::1', '2020-10-08 03:12:29', '::1'),
(5, 'กัมพูชา', 'กัมพูชา', 'กัมพูชา', '2020-10-08 03:12:45', '::1', '2020-10-08 03:12:45', '::1');

-- --------------------------------------------------------

--
-- Table structure for table `lv_first_fee`
--

CREATE TABLE `lv_first_fee` (
  `first_fee_id` int(11) NOT NULL,
  `first_fee_amount` float(10,2) NOT NULL,
  `first_fee_datetime_update` datetime NOT NULL
) ENGINE=InnoDB DEFAULT CHARSET=utf8;

--
-- Dumping data for table `lv_first_fee`
--

INSERT INTO `lv_first_fee` (`first_fee_id`, `first_fee_amount`, `first_fee_datetime_update`) VALUES
(1, 500.00, '2021-10-22 05:59:25');

-- --------------------------------------------------------

--
-- Table structure for table `lv_logo`
--

CREATE TABLE `lv_logo` (
  `logo_id` int(11) NOT NULL,
  `logo_image_th` varchar(255) NOT NULL,
  `logo_image_en` varchar(255) NOT NULL,
  `logo_image_ch` varchar(255) NOT NULL,
  `logo_link` varchar(255) NOT NULL,
  `logo_datetime_create` datetime NOT NULL,
  `logo_ip_create` varchar(255) NOT NULL,
  `logo_datetime_update` datetime NOT NULL,
  `logo_ip_update` varchar(255) NOT NULL
) ENGINE=InnoDB DEFAULT CHARSET=utf8;

--
-- Dumping data for table `lv_logo`
--

INSERT INTO `lv_logo` (`logo_id`, `logo_image_th`, `logo_image_en`, `logo_image_ch`, `logo_link`, `logo_datetime_create`, `logo_ip_create`, `logo_datetime_update`, `logo_ip_update`) VALUES
(1, 'cover_1601538779.png', 'cover_1601538779.png', 'cover_1601538779.png', 'https://www.sanook.com', '2020-10-01 07:52:59', '::1', '2021-10-18 07:09:48', '1.46.158.255'),
(2, 'cover_1601538800.png', 'cover_1601538800.png', 'cover_1601538800.png', '', '2020-10-01 07:53:20', '::1', '2020-10-01 07:53:20', '::1'),
(3, 'cover_1601538826.png', 'cover_1601538826.png', 'cover_1601538826.png', '', '2020-10-01 07:53:46', '::1', '2020-10-01 07:53:46', '::1');

-- --------------------------------------------------------

--
-- Table structure for table `lv_message_top`
--

CREATE TABLE `lv_message_top` (
  `message_top_id` int(11) NOT NULL,
  `message_top_th` varchar(255) NOT NULL,
  `message_top_en` varchar(255) NOT NULL,
  `message_top_ch` varchar(255) NOT NULL,
  `message_top_datetime_update` datetime NOT NULL,
  `message_top_ip_update` varchar(255) NOT NULL
) ENGINE=InnoDB DEFAULT CHARSET=utf8;

-- --------------------------------------------------------

--
-- Table structure for table `lv_news`
--

CREATE TABLE `lv_news` (
  `news_id` int(11) NOT NULL,
  `news_image` varchar(255) NOT NULL,
  `news_name_th` varchar(255) NOT NULL,
  `news_name_en` varchar(255) NOT NULL,
  `news_name_ch` varchar(255) NOT NULL,
  `news_date` date NOT NULL,
  `news_detail_th` text NOT NULL,
  `news_detail_en` text NOT NULL,
  `news_detail_ch` text NOT NULL,
  `news_datetime_create` datetime NOT NULL,
  `news_ip_create` varchar(255) NOT NULL,
  `news_datetime_update` datetime NOT NULL,
  `news_ip_update` varchar(255) NOT NULL
) ENGINE=InnoDB DEFAULT CHARSET=utf8;

--
-- Dumping data for table `lv_news`
--

INSERT INTO `lv_news` (`news_id`, `news_image`, `news_name_th`, `news_name_en`, `news_name_ch`, `news_date`, `news_detail_th`, `news_detail_en`, `news_detail_ch`, `news_datetime_create`, `news_ip_create`, `news_datetime_update`, `news_ip_update`) VALUES
(1, 'img-new-1.jpg', 'LaMocha-มีตติ้งตัวแทนจำหน่าย', 'LaMocha-มีตติ้งตัวแทนจำหน่าย', 'LaMocha-มีตติ้งตัวแทนจำหน่าย', '2020-10-08', 'เมื่อเครื่องพิมพ์โนเนมเครื่องหนึ่งนำรางตัวพิมพ์มาสลับสับตำแหน่งตัวอักษรเพื่อทำหนังสือตัวอย่าง Lorem Ipsum อยู่ยงคงกระพันมาไม่ใช่แค่เพียงห้าศตวรรษ แต่อยู่มาจนถึงยุคที่พลิกโฉมเข้าสู่งานเรียงพิมพ์ด้วยวิธีทางอิเล็กทรอนิกส์ และยังคงสภาพเดิมไว้อย่างไม่มีการเปลี่ยนแปลง มันได้รับความนิยมมากขึ้นในยุค ค.ศ. 1960 เมื่อแผ่น Letraset วางจำหน่ายโดยมีข้อความบนนั้นเป็น Lorem Ipsum', 'เมื่อเครื่องพิมพ์โนเนมเครื่องหนึ่งนำรางตัวพิมพ์มาสลับสับตำแหน่งตัวอักษรเพื่อทำหนังสือตัวอย่าง Lorem Ipsum อยู่ยงคงกระพันมาไม่ใช่แค่เพียงห้าศตวรรษ แต่อยู่มาจนถึงยุคที่พลิกโฉมเข้าสู่งานเรียงพิมพ์ด้วยวิธีทางอิเล็กทรอนิกส์ และยังคงสภาพเดิมไว้อย่างไม่มีการเปลี่ยนแปลง มันได้รับความนิยมมากขึ้นในยุค ค.ศ. 1960 เมื่อแผ่น Letraset วางจำหน่ายโดยมีข้อความบนนั้นเป็น Lorem Ipsum', 'เมื่อเครื่องพิมพ์โนเนมเครื่องหนึ่งนำรางตัวพิมพ์มาสลับสับตำแหน่งตัวอักษรเพื่อทำหนังสือตัวอย่าง Lorem Ipsum อยู่ยงคงกระพันมาไม่ใช่แค่เพียงห้าศตวรรษ แต่อยู่มาจนถึงยุคที่พลิกโฉมเข้าสู่งานเรียงพิมพ์ด้วยวิธีทางอิเล็กทรอนิกส์ และยังคงสภาพเดิมไว้อย่างไม่มีการเปลี่ยนแปลง มันได้รับความนิยมมากขึ้นในยุค ค.ศ. 1960 เมื่อแผ่น Letraset วางจำหน่ายโดยมีข้อความบนนั้นเป็น Lorem Ipsum', '2020-10-08 07:10:07', '::1', '2020-10-08 07:10:07', '::1'),
(2, 'img-new-1.jpg', 'LaMocha-มีตติ้งตัวแทนจำหน่าย', 'LaMocha-มีตติ้งตัวแทนจำหน่าย', 'LaMocha-มีตติ้งตัวแทนจำหน่าย', '2020-10-08', 'เมื่อเครื่องพิมพ์โนเนมเครื่องหนึ่งนำรางตัวพิมพ์มาสลับสับตำแหน่งตัวอักษรเพื่อทำหนังสือตัวอย่าง Lorem Ipsum อยู่ยงคงกระพันมาไม่ใช่แค่เพียงห้าศตวรรษ แต่อยู่มาจนถึงยุคที่พลิกโฉมเข้าสู่งานเรียงพิมพ์ด้วยวิธีทางอิเล็กทรอนิกส์ และยังคงสภาพเดิมไว้อย่างไม่มีการเปลี่ยนแปลง มันได้รับความนิยมมากขึ้นในยุค ค.ศ. 1960 เมื่อแผ่น Letraset วางจำหน่ายโดยมีข้อความบนนั้นเป็น Lorem Ipsum', 'เมื่อเครื่องพิมพ์โนเนมเครื่องหนึ่งนำรางตัวพิมพ์มาสลับสับตำแหน่งตัวอักษรเพื่อทำหนังสือตัวอย่าง Lorem Ipsum อยู่ยงคงกระพันมาไม่ใช่แค่เพียงห้าศตวรรษ แต่อยู่มาจนถึงยุคที่พลิกโฉมเข้าสู่งานเรียงพิมพ์ด้วยวิธีทางอิเล็กทรอนิกส์ และยังคงสภาพเดิมไว้อย่างไม่มีการเปลี่ยนแปลง มันได้รับความนิยมมากขึ้นในยุค ค.ศ. 1960 เมื่อแผ่น Letraset วางจำหน่ายโดยมีข้อความบนนั้นเป็น Lorem Ipsum', 'เมื่อเครื่องพิมพ์โนเนมเครื่องหนึ่งนำรางตัวพิมพ์มาสลับสับตำแหน่งตัวอักษรเพื่อทำหนังสือตัวอย่าง Lorem Ipsum อยู่ยงคงกระพันมาไม่ใช่แค่เพียงห้าศตวรรษ แต่อยู่มาจนถึงยุคที่พลิกโฉมเข้าสู่งานเรียงพิมพ์ด้วยวิธีทางอิเล็กทรอนิกส์ และยังคงสภาพเดิมไว้อย่างไม่มีการเปลี่ยนแปลง มันได้รับความนิยมมากขึ้นในยุค ค.ศ. 1960 เมื่อแผ่น Letraset วางจำหน่ายโดยมีข้อความบนนั้นเป็น Lorem Ipsum', '2020-10-08 07:11:00', '::1', '2020-10-08 07:11:00', '::1'),
(3, 'img-new-1_1.jpg', '3LaMocha-มีตติ้งตัวแทนจำหน่าย', '3LaMocha-มีตติ้งตัวแทนจำหน่าย', '3LaMocha-มีตติ้งตัวแทนจำหน่าย', '2020-10-09', '333', '333', '333', '2020-10-08 07:41:40', '::1', '2020-10-08 07:41:40', '::1'),
(4, 'CEO.jpg', '4444', '44444', '444444', '2020-10-10', '4444444', '44444', '444444', '2020-10-08 07:44:06', '::1', '2020-10-08 07:44:06', '::1'),
(5, 'img-new-1_1.jpg', '555', '555', '55555', '2020-10-21', '55555', '5555', '55555', '2020-10-08 07:44:43', '::1', '2020-10-08 07:44:43', '::1'),
(6, 'bg-footer.jpg', '11111', '11111', '11111', '2020-10-27', '111111111', '11111111', '11111111', '2020-10-08 07:45:19', '::1', '2020-10-08 07:45:19', '::1'),
(7, 'bannerhome-1.jpg', '777', '777', '777', '2020-10-17', '77777777', '77777777', '7777777', '2020-10-08 08:24:20', '::1', '2020-10-08 08:24:20', '::1');

-- --------------------------------------------------------

--
-- Table structure for table `lv_newsletter`
--

CREATE TABLE `lv_newsletter` (
  `newsletter_id` int(11) NOT NULL,
  `newsletter_email` varchar(255) NOT NULL,
  `newsletter_datetime_create` datetime NOT NULL,
  `newsletter_ip_create` varchar(255) NOT NULL
) ENGINE=InnoDB DEFAULT CHARSET=utf8;

-- --------------------------------------------------------

--
-- Table structure for table `lv_news_gallery`
--

CREATE TABLE `lv_news_gallery` (
  `news_gallery_id` int(11) NOT NULL,
  `news_id` int(11) NOT NULL,
  `news_gallery_image` varchar(255) NOT NULL,
  `news_gallery_datetime_create` datetime NOT NULL,
  `news_gallery_ip_create` varchar(255) NOT NULL
) ENGINE=InnoDB DEFAULT CHARSET=utf8;

--
-- Dumping data for table `lv_news_gallery`
--

INSERT INTO `lv_news_gallery` (`news_gallery_id`, `news_id`, `news_gallery_image`, `news_gallery_datetime_create`, `news_gallery_ip_create`) VALUES
(1, 2, 'bannerhome-1.jpg', '2020-10-08 07:11:01', '::1'),
(2, 2, 'bg-footer.jpg', '2020-10-08 07:11:01', '::1'),
(4, 3, 'img-new-1.jpg', '2020-10-08 07:41:40', '::1'),
(5, 3, 'img-new-1_1.jpg', '2020-10-08 07:41:41', '::1'),
(6, 4, 'bannerhome-1.jpg', '2020-10-08 07:44:06', '::1'),
(7, 4, 'bg-footer.jpg', '2020-10-08 07:44:06', '::1'),
(8, 4, 'bg-menu.jpg', '2020-10-08 07:44:07', '::1'),
(9, 5, 'bannerhome-1.jpg', '2020-10-08 07:44:44', '::1'),
(10, 5, 'bg-footer.jpg', '2020-10-08 07:44:44', '::1'),
(11, 5, 'bg-menu.jpg', '2020-10-08 07:44:44', '::1'),
(12, 6, 'bannerhome-1.jpg', '2020-10-08 07:45:20', '::1'),
(13, 6, 'bg-footer.jpg', '2020-10-08 07:45:20', '::1'),
(14, 6, 'bg-menu.jpg', '2020-10-08 07:45:20', '::1'),
(15, 7, 'customer-1.png', '2020-10-08 08:24:20', '::1'),
(16, 7, 'customer-2.png', '2020-10-08 08:24:20', '::1'),
(17, 7, 'customer-3.png', '2020-10-08 08:24:20', '::1');

-- --------------------------------------------------------

--
-- Table structure for table `lv_order`
--

CREATE TABLE `lv_order` (
  `order_id` int(11) NOT NULL,
  `order_detail_id` int(11) NOT NULL,
  `order_image` varchar(255) NOT NULL,
  `order_name` varchar(1000) NOT NULL,
  `order_qty` int(11) NOT NULL,
  `order_price` float(10,2) NOT NULL
) ENGINE=InnoDB DEFAULT CHARSET=utf8;

--
-- Dumping data for table `lv_order`
--

INSERT INTO `lv_order` (`order_id`, `order_detail_id`, `order_image`, `order_name`, `order_qty`, `order_price`) VALUES
(1, 1, 'product3.png', 'แอมพูล เพื่อ ผิวหน้า ฉ่ำน้ำ อ่อนเยาว์  เน้นผิวสว่างใส  สูตรเข้มข้น', 10, 3000.00),
(2, 1, 'product2.png', 'เซรั่ม สูตร เข้มข้น เพื่อผิวอิ่มฟู ลดเลือน ริ้วรอย และ ฝ้ากระ รอยสิว จุดด่างดำ เพิ่มความยืดหยุ่น ชุ่มชื่นผิว สูตรผิวหน้า และ รอบดวงตา', 30, 4000.00),
(3, 2, 'product3.png', 'แอมพูล เพื่อ ผิวหน้า ฉ่ำน้ำ อ่อนเยาว์  เน้นผิวสว่างใส  สูตรเข้มข้น', 10, 3000.00),
(4, 2, 'product2.png', 'เซรั่ม สูตร เข้มข้น เพื่อผิวอิ่มฟู ลดเลือน ริ้วรอย และ ฝ้ากระ รอยสิว จุดด่างดำ เพิ่มความยืดหยุ่น ชุ่มชื่นผิว สูตรผิวหน้า และ รอบดวงตา', 30, 4000.00),
(5, 3, 'product3.png', 'แอมพูล เพื่อ ผิวหน้า ฉ่ำน้ำ อ่อนเยาว์  เน้นผิวสว่างใส  สูตรเข้มข้น', 10, 3000.00),
(6, 4, 'product3.png', 'แอมพูล เพื่อ ผิวหน้า ฉ่ำน้ำ อ่อนเยาว์  เน้นผิวสว่างใส  สูตรเข้มข้น', 1, 4000.00),
(7, 5, 'product1.png', 'ครีมกันแดด หน้าเด็ก เนื้อมูสกำมะหยี่ สูตรผสมรองพื้นแป้ง', 10, 1250.00),
(8, 6, 'product1.png', 'ครีมกันแดด หน้าเด็ก เนื้อมูสกำมะหยี่ สูตรผสมรองพื้นแป้ง', 1, 2000.00),
(9, 6, 'product2.png', 'เซรั่ม สูตร เข้มข้น เพื่อผิวอิ่มฟู ลดเลือน ริ้วรอย และ ฝ้ากระ รอยสิว จุดด่างดำ เพิ่มความยืดหยุ่น ชุ่มชื่นผิว สูตรผิวหน้า และ รอบดวงตา', 1, 5000.00),
(10, 6, 'product3.png', 'แอมพูล เพื่อ ผิวหน้า ฉ่ำน้ำ อ่อนเยาว์  เน้นผิวสว่างใส  สูตรเข้มข้น', 1, 5000.00),
(11, 7, 'product1.png', 'ครีมกันแดด หน้าเด็ก เนื้อมูสกำมะหยี่ สูตรผสมรองพื้นแป้ง', 1, 2000.00),
(12, 8, 'product3.png', 'แอมพูล เพื่อ ผิวหน้า ฉ่ำน้ำ อ่อนเยาว์  เน้นผิวสว่างใส  สูตรเข้มข้น', 1, 5000.00);

-- --------------------------------------------------------

--
-- Table structure for table `lv_order_detail`
--

CREATE TABLE `lv_order_detail` (
  `order_detail_id` int(11) NOT NULL,
  `order_no` varchar(255) NOT NULL,
  `agent_id` int(11) NOT NULL,
  `order_detail_shipping_method` enum('Register','EMS') NOT NULL,
  `order_detail_payment_method` varchar(255) NOT NULL,
  `order_detail_payment_bank` varchar(1000) DEFAULT NULL,
  `order_detail_sub_total` float(10,2) NOT NULL,
  `order_detail_discount` float(10,2) NOT NULL,
  `order_detail_shipping` float(10,2) NOT NULL,
  `order_detail_total` float(10,2) NOT NULL,
  `order_detail_currency` enum('USD','THB') NOT NULL,
  `order_detail_name` varchar(1000) NOT NULL,
  `order_detail_surname` varchar(1000) NOT NULL,
  `order_detail_telephone` varchar(1000) NOT NULL,
  `order_detail_email` varchar(1000) NOT NULL,
  `order_detail_address` text NOT NULL,
  `order_detail_district` varchar(1000) NOT NULL,
  `order_detail_amphur` varchar(1000) NOT NULL,
  `order_detail_province` varchar(1000) NOT NULL,
  `order_detail_postal_code` varchar(1000) NOT NULL,
  `order_detail_billing_name` varchar(255) NOT NULL,
  `order_detail_billing_surname` varchar(255) NOT NULL,
  `order_detail_billing_telephone` varchar(255) NOT NULL,
  `order_detail_billing_email` varchar(255) NOT NULL,
  `order_detail_billing_address` varchar(255) NOT NULL,
  `order_detail_billing_district` varchar(255) NOT NULL,
  `order_detail_billing_amphur` varchar(255) NOT NULL,
  `order_detail_billing_province` varchar(255) NOT NULL,
  `order_detail_billing_postal_code` varchar(255) NOT NULL,
  `order_detail_status` enum('Ordering','Processing','Delivery','Shipped','Complete','Cancel') DEFAULT NULL,
  `order_detail_shipping_no` varchar(255) DEFAULT NULL,
  `order_detail_shipping_link` text DEFAULT NULL,
  `order_detail_datetime_create` datetime NOT NULL,
  `order_detail_ip_create` varchar(255) NOT NULL,
  `order_detail_datetime_update` datetime NOT NULL,
  `order_detail_ip_update` varchar(255) NOT NULL
) ENGINE=InnoDB DEFAULT CHARSET=utf8;

--
-- Dumping data for table `lv_order_detail`
--

INSERT INTO `lv_order_detail` (`order_detail_id`, `order_no`, `agent_id`, `order_detail_shipping_method`, `order_detail_payment_method`, `order_detail_payment_bank`, `order_detail_sub_total`, `order_detail_discount`, `order_detail_shipping`, `order_detail_total`, `order_detail_currency`, `order_detail_name`, `order_detail_surname`, `order_detail_telephone`, `order_detail_email`, `order_detail_address`, `order_detail_district`, `order_detail_amphur`, `order_detail_province`, `order_detail_postal_code`, `order_detail_billing_name`, `order_detail_billing_surname`, `order_detail_billing_telephone`, `order_detail_billing_email`, `order_detail_billing_address`, `order_detail_billing_district`, `order_detail_billing_amphur`, `order_detail_billing_province`, `order_detail_billing_postal_code`, `order_detail_status`, `order_detail_shipping_no`, `order_detail_shipping_link`, `order_detail_datetime_create`, `order_detail_ip_create`, `order_detail_datetime_update`, `order_detail_ip_update`) VALUES
(1, '1', 5, 'EMS', 'iBanking', 'iBanking ธนาคารกรุงเทพ', 150000.00, 0.00, 0.00, 150000.00, 'USD', 'Ford', 'Fuji', '0999999999', 'sitiporn@orange-thailand.com', '366/66 Soi Sapankhwa Pracharat 2 Road', 'Bangsue', 'Bangsue', 'กรุงเทพมหานคร', '10800', '', '', '', '', '', '', '', '', '', '', '', '', '2020-10-21 06:20:16', '::1', '2020-10-21 06:20:16', '::1'),
(2, '2', 5, 'EMS', 'iBanking', 'iBanking ธนาคารกรุงเทพ', 150000.00, 0.00, 0.00, 150000.00, 'USD', 'Ford', 'Fuji', '0999999999', 'sitiporn@orange-thailand.com', '366/66 Soi Sapankhwa Pracharat 2 Road', 'Bangsue', 'Bangsue', 'กรุงเทพมหานคร', '10800', '', '', '', '', '', '', '', '', '', '', '', '', '2020-10-21 06:22:23', '::1', '2020-10-21 06:22:23', '::1'),
(3, '3', 5, 'EMS', 'ชำระผ่าน ATM', 'ชำระผ่าน ATM ธนาคารกรุงเทพ', 30000.00, 0.00, 0.00, 30000.00, 'USD', 'Ford', 'Fuji', '0999999999', 'sitiporn@orange-thailand.com', '366/66 Soi Sapankhwa Pracharat 2 Road', 'Bangsue', 'Bangsue', 'กรุงเทพมหานคร', '10800', '', '', '', '', '', '', '', '', '', '', '', '', '2020-10-21 06:23:04', '::1', '2020-10-21 06:23:04', '::1'),
(4, '4', 5, 'EMS', 'ชำระผ่าน ATM', 'ชำระผ่าน ATM ธนาคารกรุงเทพ', 4000.00, 0.00, 0.00, 4000.00, 'USD', 'Ford', 'Fuji', '0999999999', 'sitiporn@orange-thailand.com', '366/66 Soi Sapankhwa Pracharat 2 Road', 'Bangsue', 'Bangsue', 'กรุงเทพมหานคร', '10800', '', '', '', '', '', '', '', '', '', '', '', '', '2020-10-21 06:24:35', '::1', '2020-10-21 06:24:35', '::1'),
(5, '5', 0, 'EMS', 'iBanking', 'iBanking ธนาคารกรุงเทพ', 12500.00, 0.00, 0.00, 12500.00, 'USD', 'Ford', 'Fuji', '0099999999', 'nirvanaford94@gmail.com', 'Test5', 'Bangsue', 'Bangsue', 'กรุงเทพมหานคร', '10800', '', '', '', '', '', '', '', '', '', '', '', '', '2020-10-21 07:39:28', '124.122.198.144', '2020-10-21 07:39:28', '124.122.198.144'),
(6, '6', 0, 'EMS', 'Paypal', NULL, 12000.00, 0.00, 0.00, 12000.00, 'THB', 'สิทธิพร', 'ตรองวิเชียร', '09999999999', 'nirvanaford94@gmail.com', 'ddd', 'บางซื่อ', 'บางซื่อ', 'กรุงเทพมหานคร', '10800', '', '', '', '', '', '', '', '', '', 'Ordering', '', '', '2021-10-18 07:41:26', '1.46.158.255', '2021-10-18 07:41:26', '1.46.158.255'),
(7, '7', 0, 'EMS', 'ชำระผ่าน ATM', 'ชำระผ่าน ATM ธนาคารกรุงเทพ', 2000.00, 0.00, 0.00, 2000.00, 'THB', 'สิทธิพร', 'ตรองวิเชียร', '09999999999', 'nirvanaford94@gmail.com', 'ddd', 'บางซื่อ', 'บางซื่อ', 'กรุงเทพมหานคร', '10800', '', '', '', '', '', '', '', '', '', 'Ordering', '', '', '2021-10-18 07:42:57', '1.46.158.255', '2021-10-18 07:42:57', '1.46.158.255'),
(8, '8', 0, 'EMS', 'ชำระเงินปลายทาง', NULL, 5000.00, 0.00, 0.00, 5000.00, 'THB', 'สิทธิพร', 'ตรองวิเชียร', '09999999999', 'nirvanaford94@gmail.com', 'ddd', 'บางซื่อ', 'บางซื่อ', 'กรุงเทพมหานคร', '10800', '', '', '', '', '', '', '', '', '', 'Ordering', '', '', '2021-10-18 07:45:44', '1.46.158.255', '2021-10-18 07:45:44', '1.46.158.255');

-- --------------------------------------------------------

--
-- Table structure for table `lv_payment`
--

CREATE TABLE `lv_payment` (
  `payment_id` int(11) NOT NULL,
  `order_no` int(11) NOT NULL,
  `payment_order_status_processing` enum('No','Yes') NOT NULL,
  `payment_payment_method` enum('ชำระสินค้าที่จุดเครื่องเอทีเอ็ม','ชำระผ่านธนาคารออนไลน์','ชำระผ่านโมบายแบงค์กิ้ง','ชำระผ่านเคาน์เตอร์ธนาคาร') NOT NULL,
  `payment_name_surname` varchar(255) NOT NULL,
  `payment_telephone` varchar(255) NOT NULL,
  `payment_datetime` datetime NOT NULL,
  `payment_price` float(10,2) NOT NULL,
  `payment_slip` varchar(255) NOT NULL,
  `payment_datetime_create` datetime NOT NULL,
  `payment_datetime_update` datetime NOT NULL
) ENGINE=InnoDB DEFAULT CHARSET=utf8;

--
-- Dumping data for table `lv_payment`
--

INSERT INTO `lv_payment` (`payment_id`, `order_no`, `payment_order_status_processing`, `payment_payment_method`, `payment_name_surname`, `payment_telephone`, `payment_datetime`, `payment_price`, `payment_slip`, `payment_datetime_create`, `payment_datetime_update`) VALUES
(1, 1, 'No', 'ชำระผ่านธนาคารออนไลน์', 'สิทธิพร ตรองวิเชียร', '000999999', '2021-10-18 06:12:00', 4000.00, 'bannerhome.jpg', '2021-10-18 08:01:50', '2021-10-18 08:01:50');

-- --------------------------------------------------------

--
-- Table structure for table `lv_product`
--

CREATE TABLE `lv_product` (
  `product_id` int(11) NOT NULL,
  `product_image` varchar(255) NOT NULL,
  `product_category_name_th` varchar(255) NOT NULL,
  `product_category_name_en` varchar(255) NOT NULL,
  `product_category_name_ch` varchar(255) NOT NULL,
  `product_name_th` varchar(255) NOT NULL,
  `product_name_en` varchar(255) NOT NULL,
  `product_name_ch` varchar(255) NOT NULL,
  `product_code` varchar(255) NOT NULL,
  `product_description_th` text NOT NULL,
  `product_description_en` text NOT NULL,
  `product_description_ch` text NOT NULL,
  `product_feature_th` text NOT NULL,
  `product_feature_en` text NOT NULL,
  `product_feature_ch` text NOT NULL,
  `product_addition_th` text NOT NULL,
  `product_addition_en` text NOT NULL,
  `product_addition_ch` text NOT NULL,
  `product_price` float(10,2) NOT NULL,
  `product_datetime_create` datetime NOT NULL,
  `product_ip_create` varchar(255) NOT NULL,
  `product_datetime_update` datetime NOT NULL,
  `product_ip_update` varchar(255) NOT NULL
) ENGINE=InnoDB DEFAULT CHARSET=utf8;

--
-- Dumping data for table `lv_product`
--

INSERT INTO `lv_product` (`product_id`, `product_image`, `product_category_name_th`, `product_category_name_en`, `product_category_name_ch`, `product_name_th`, `product_name_en`, `product_name_ch`, `product_code`, `product_description_th`, `product_description_en`, `product_description_ch`, `product_feature_th`, `product_feature_en`, `product_feature_ch`, `product_addition_th`, `product_addition_en`, `product_addition_ch`, `product_price`, `product_datetime_create`, `product_ip_create`, `product_datetime_update`, `product_ip_update`) VALUES
(1, 'Foam_Face.png', 'โฟมล้างหน้า', 'โฟมล้างหน้า', 'โฟมล้างหน้า', 'โฟมล้างหน้า (LA MOCHA fresh & Smooth Cleansing Perfect Foam ) 100 g', 'โฟมล้างหน้า (LA MOCHA fresh & Smooth Cleansing Perfect Foam ) 100 g', 'โฟมล้างหน้า (LA MOCHA fresh & Smooth Cleansing Perfect Foam ) 100 g', '001', 'โฟมล้างหน้าที่ช่วยชำระล้างสิ่งสกปรกบนใบหน้ามีส่วนผสมของ ทองคำบริสุทธิ์และ  อุดมไปด้วยสารสกัดจากเมล็ดกาแฟดิบซึ่งมีคุณสมบัติเป็นสารต้าน อนุมูลอิสระที่มีประสิทธิภาพสูง อีกทั้งยังมีสารสกัดจากธรรมชาติที่ช่วยปกป้องผิวจากมลภาวะต่างๆ คงความชุ่มชื่นให้แก่ผิว เผยผิวหน้า กระจ่างใส ล้างออกง่าย ไม่แห้งตึง ไม่ก่อให้เกิดการระคายเคือง ปราศจากสาร SLS/SLES, สี, แอลกอฮอลล์ และสารกันเสียชนิดพาราเบน', 'โฟมล้างหน้าที่ช่วยชำระล้างสิ่งสกปรกบนใบหน้ามีส่วนผสมของ ทองคำบริสุทธิ์และ  อุดมไปด้วยสารสกัดจากเมล็ดกาแฟดิบซึ่งมีคุณสมบัติเป็นสารต้าน อนุมูลอิสระที่มีประสิทธิภาพสูง อีกทั้งยังมีสารสกัดจากธรรมชาติที่ช่วยปกป้องผิวจากมลภาวะต่างๆ คงความชุ่มชื่นให้แก่ผิว เผยผิวหน้า กระจ่างใส ล้างออกง่าย ไม่แห้งตึง ไม่ก่อให้เกิดการระคายเคือง ปราศจากสาร SLS/SLES, สี, แอลกอฮอลล์ และสารกันเสียชนิดพาราเบน', 'โฟมล้างหน้าที่ช่วยชำระล้างสิ่งสกปรกบนใบหน้ามีส่วนผสมของ ทองคำบริสุทธิ์และ  อุดมไปด้วยสารสกัดจากเมล็ดกาแฟดิบซึ่งมีคุณสมบัติเป็นสารต้าน อนุมูลอิสระที่มีประสิทธิภาพสูง อีกทั้งยังมีสารสกัดจากธรรมชาติที่ช่วยปกป้องผิวจากมลภาวะต่างๆ คงความชุ่มชื่นให้แก่ผิว เผยผิวหน้า กระจ่างใส ล้างออกง่าย ไม่แห้งตึง ไม่ก่อให้เกิดการระคายเคือง ปราศจากสาร SLS/SLES, สี, แอลกอฮอลล์ และสารกันเสียชนิดพาราเบน', '<ul style=\"box-sizing: border-box; margin-top: 0px; margin-bottom: 1rem; list-style: none; padding-left: 0px; font-size: 15px; line-height: 31px; color: rgb(33, 37, 41); font-family: Poppins, Prompt, sans-serif;\">\r\n	<li style=\"box-sizing: border-box;\">\r\n		<p>\r\n			Main Ingredients/Function (ส่วนประกอบหลัก และประสิทธิภาพ)</p>\r\n		<p>\r\n			1.&nbsp; Skinguard&nbsp; : คุณค่าจากสารสกัดธรรมชาติ 9 ชนิด ที่ท างานเสริมฤทธิ์กันช่วยปกป้องผิวจากมลภาวะ ทางอากาศ เช่น ควันจากท่อไอเสีย ฝุ่นละอองขนาดเล็ก (PM2.5)ให้เกิดความสมดุล ซึ่งประกอบไปด้วย 1.Ougon เป็นสารสกัดจาก Scutellaria root ช่วยในการปกป้องผิวจากมลพิษทาง สิ่งแวดล้อม</p>\r\n		<p>\r\n			&nbsp;2. Houttuynia เป็นสารสกัดจากคาวทอง ช่วยในการยับยั้งการสร้างเอนไซม์ CPY1B1 และช่วยในการปกป้องผิวจากมลพิษทางสิ่งแวดล้อม</p>\r\n		<p>\r\n			3. Buddleja Officinalis Flower Extract : สารสกัดธรรมชาติจากดอก Buddleia (Buddleja Officinalis)&nbsp; หรือที่รู้จักกันดีในอีกชื่อคือ Butterfly bush หรือในวงการแพทย์แผนจีนเรียกว่า เม็กโหม่วฮวยเป็นดอกไม้สีม่วงอ่อน ที่พบมากในแถบมณฑลจีนยูนนาน ประเทศจีน ดอกไม้นี้เติบโตในสภาพอากาศ รังสี ความร้อน และแสงแดดที่รุนแรง จึงท าให้สารสกัดอุดมไปด้วยสาร Verbascoside และ Echinacoside ซึ่งช่วยกระตุ้น Phenylpropanoids pathway กระตุ้นการท างานของเอนไซม์ ซึ่งเร่งปฎิกิริยาการสร้างสารประกอบ Protective compounds ส าหรับผิว มีสรรพคุณช่วย ในการปกป้องผิวจากการท าลายของรังสี UV, IR และแสงสีฟ้า (Blue light) ลดการอักเสบ ของผิว และปรับสมดุลของระบบภูมิคุ้มกันผิว (Protection from inflammation)</p>\r\n		<p>\r\n			4. Coffea Arabica Seed Extract : สารสกัดจากเมล็ดกาแฟดิบสายพันธุ์อาราบิก้าที่ยังไม่ผ่านกระบวนการคั่ว น ามาสกัดให้ได้ กาแฟชนิดที่มีคาเฟอีนน้อย ประกอบด้วยสารส าคัญคือ Polyphenol ที่มีชื่อเรียกว่า กรดคลอโรจินิก (Chlorogenic Acid) ซึ่งมีคุณสมบัติเป็นสารต้านอนุมูลอิสระ (Antioxidant) ที่มีประสิทธิภาพสูง พร้อมยังมีคุณสมบัติช่วยกระชับผิว</p>\r\n		<p>\r\n			5. Pharcolex : ประกอบด้วยสารสกัดจากดอกไม้ 6 ชนิดได้แก่ Anthemis Nobilis Flower, Centaurea Cyanus Flower, Chamomilla Recutita Flower, Hypericum Perforatum Flower,Tilia Cordata Flower, Calendula Officinalis Flower ช่วยลดการระคายเคือง ผื่นแพ้ การอักเสบ</p>\r\n		<p>\r\n			&nbsp;ของผิวจากมลภาวะต่างๆ ต้านอนุมูลอิสระและเพิ่มความยืดหยุ่นให้กับเซลล์ผิว&nbsp;&nbsp;&nbsp;&nbsp;&nbsp;&nbsp;&nbsp;&nbsp;&nbsp;&nbsp;&nbsp;&nbsp;&nbsp;&nbsp;&nbsp;&nbsp;&nbsp;&nbsp;&nbsp;&nbsp;&nbsp;&nbsp;&nbsp;&nbsp;&nbsp;&nbsp;&nbsp;&nbsp;&nbsp;&nbsp;&nbsp;&nbsp;&nbsp;&nbsp;&nbsp;&nbsp;&nbsp;&nbsp;&nbsp;&nbsp;&nbsp;&nbsp;&nbsp;&nbsp;&nbsp;&nbsp;&nbsp;&nbsp;&nbsp;&nbsp;&nbsp;&nbsp;&nbsp;&nbsp;&nbsp;&nbsp;&nbsp;&nbsp;&nbsp;&nbsp;&nbsp;&nbsp;&nbsp;&nbsp;&nbsp;&nbsp;&nbsp;&nbsp;&nbsp;&nbsp;&nbsp;&nbsp;&nbsp;&nbsp;&nbsp;&nbsp;&nbsp;&nbsp;&nbsp;&nbsp;&nbsp;&nbsp;&nbsp;&nbsp;&nbsp;&nbsp;&nbsp;&nbsp; 6. Porphyra Algae เป็นสารสกัดจากสาหร่ายสีแดงพอร์ไฟรา ช่วยในการเสริมสร้างเกราะ ป้องกันผิว (Skin barrier) ให้แข็งแรง โดยมีการสร้างฟิล์มเคลือบผิวด้วยสารพอร์ไฟแรน&nbsp;&nbsp;&nbsp;&nbsp;&nbsp;&nbsp;&nbsp;&nbsp;&nbsp;&nbsp;&nbsp;&nbsp;&nbsp;&nbsp;&nbsp;&nbsp;&nbsp;&nbsp;&nbsp;&nbsp;&nbsp;&nbsp;&nbsp;&nbsp;&nbsp;&nbsp;&nbsp;&nbsp;&nbsp;&nbsp;&nbsp;&nbsp;&nbsp;&nbsp;&nbsp;&nbsp;&nbsp;&nbsp;&nbsp;&nbsp;&nbsp;&nbsp;&nbsp;&nbsp;&nbsp;</p>\r\n		<p>\r\n			&nbsp; 7. Herb robert เป็นสารสกัดจากพืชดอกตระกูล Geranium ช่วยในการปกป้องคอลลาเจน ในผิว โดยไปยับยั้งการท างานของเอนไซม์ Tryptase และยับยั้งการย่อยสลายของ คอลลาเจน</p>\r\n		<p>\r\n			&nbsp;8. Cornflower เป็นสารสกัดคอร์นฟลาวเวอร์ช่วยในการเพิ่มการขจัดของเสียตกค้างใต้ผิว ในระบบน้ าเหลือง และดูแลระบบท่อน้ าเหลือง</p>\r\n		<p>\r\n			&nbsp;9. Rooibos เป็นสารสกัดจากต้นรอยบอสช่วยยับยั้งการเกิดปฏิกิริยาออกซิเดชันของไขมัน โดยอนุมูลอิสระ และมีฤทธิ์ต้านอนุมูลอิสระเหมือนสาร SOD ช่วยในการป้องกัน สารเคลือบเซลล์ (Subcellular matrix) ไม่ให้ถูกท าลายจากความเครียดจากสิ่งแวดล้อม. ล้วนเป็นสารสกัด ที่พรีเมียม ที่คัดสรรมาแล้วค่ะ ^^&nbsp;&nbsp;&nbsp;&nbsp;&nbsp;&nbsp;&nbsp;&nbsp;&nbsp;&nbsp;&nbsp;&nbsp;&nbsp;&nbsp;&nbsp;&nbsp;&nbsp;&nbsp;&nbsp;&nbsp;&nbsp;&nbsp;&nbsp;&nbsp;</p>\r\n		&nbsp;#lamochathailand #LamochFreshandsmoothcleansingfoam #โฟมหน้าใส #โฟมล้างหน้า #โฟมลดสิวอุดตัน #โฟมยกกระชับผิวหน้า</li>\r\n</ul>', '<ul style=\"box-sizing: border-box; margin-top: 0px; margin-bottom: 1rem; list-style: none; padding-left: 0px; font-size: 15px; line-height: 31px; color: rgb(33, 37, 41); font-family: Poppins, Prompt, sans-serif;\">\r\n	<li style=\"box-sizing: border-box;\">\r\n		1. ลดขั้นตอนความยุ่งยากในการแต่งหน้า. ให้ประสิทธิภาพ รวบรวมถึง 3 คุณสมบัติหลักไว้เดียว -บำรุงล้ำลึกด้วยนวัตกรรมอาหารผิวและสามารถกระตุ้นการสร้างคอลลาเจนขณะที่ผิวถูกMain Ingredients/Function (ส่วนประกอบหลัก และประสิทธิภาพ)\r\n		<p>\r\n			1.&nbsp; Skinguard&nbsp; : คุณค่าจากสารสกัดธรรมชาติ 9 ชนิด ที่ท างานเสริมฤทธิ์กันช่วยปกป้องผิวจากมลภาวะ ทางอากาศ เช่น ควันจากท่อไอเสีย ฝุ่นละอองขนาดเล็ก (PM2.5)ให้เกิดความสมดุล ซึ่งประกอบไปด้วย 1.Ougon เป็นสารสกัดจาก Scutellaria root ช่วยในการปกป้องผิวจากมลพิษทาง สิ่งแวดล้อม</p>\r\n		<p>\r\n			&nbsp;2. Houttuynia เป็นสารสกัดจากคาวทอง ช่วยในการยับยั้งการสร้างเอนไซม์ CPY1B1 และช่วยในการปกป้องผิวจากมลพิษทางสิ่งแวดล้อม</p>\r\n		<p>\r\n			3. Buddleja Officinalis Flower Extract : สารสกัดธรรมชาติจากดอก Buddleia (Buddleja Officinalis)&nbsp; หรือที่รู้จักกันดีในอีกชื่อคือ Butterfly bush หรือในวงการแพทย์แผนจีนเรียกว่า เม็กโหม่วฮวยเป็นดอกไม้สีม่วงอ่อน ที่พบมากในแถบมณฑลจีนยูนนาน ประเทศจีน ดอกไม้นี้เติบโตในสภาพอากาศ รังสี ความร้อน และแสงแดดที่รุนแรง จึงท าให้สารสกัดอุดมไปด้วยสาร Verbascoside และ Echinacoside ซึ่งช่วยกระตุ้น Phenylpropanoids pathway กระตุ้นการท างานของเอนไซม์ ซึ่งเร่งปฎิกิริยาการสร้างสารประกอบ Protective compounds ส าหรับผิว มีสรรพคุณช่วย ในการปกป้องผิวจากการท าลายของรังสี UV, IR และแสงสีฟ้า (Blue light) ลดการอักเสบ ของผิว และปรับสมดุลของระบบภูมิคุ้มกันผิว (Protection from inflammation)</p>\r\n		<p>\r\n			4. Coffea Arabica Seed Extract : สารสกัดจากเมล็ดกาแฟดิบสายพันธุ์อาราบิก้าที่ยังไม่ผ่านกระบวนการคั่ว น ามาสกัดให้ได้ กาแฟชนิดที่มีคาเฟอีนน้อย ประกอบด้วยสารส าคัญคือ Polyphenol ที่มีชื่อเรียกว่า กรดคลอโรจินิก (Chlorogenic Acid) ซึ่งมีคุณสมบัติเป็นสารต้านอนุมูลอิสระ (Antioxidant) ที่มีประสิทธิภาพสูง พร้อมยังมีคุณสมบัติช่วยกระชับผิว</p>\r\n		<p>\r\n			5. Pharcolex : ประกอบด้วยสารสกัดจากดอกไม้ 6 ชนิดได้แก่ Anthemis Nobilis Flower, Centaurea Cyanus Flower, Chamomilla Recutita Flower, Hypericum Perforatum Flower,Tilia Cordata Flower, Calendula Officinalis Flower ช่วยลดการระคายเคือง ผื่นแพ้ การอักเสบ</p>\r\n		<p>\r\n			&nbsp;ของผิวจากมลภาวะต่างๆ ต้านอนุมูลอิสระและเพิ่มความยืดหยุ่นให้กับเซลล์ผิว&nbsp;&nbsp;&nbsp;&nbsp;&nbsp;&nbsp;&nbsp;&nbsp;&nbsp;&nbsp;&nbsp;&nbsp;&nbsp;&nbsp;&nbsp;&nbsp;&nbsp;&nbsp;&nbsp;&nbsp;&nbsp;&nbsp;&nbsp;&nbsp;&nbsp;&nbsp;&nbsp;&nbsp;&nbsp;&nbsp;&nbsp;&nbsp;&nbsp;&nbsp;&nbsp;&nbsp;&nbsp;&nbsp;&nbsp;&nbsp;&nbsp;&nbsp;&nbsp;&nbsp;&nbsp;&nbsp;&nbsp;&nbsp;&nbsp;&nbsp;&nbsp;&nbsp;&nbsp;&nbsp;&nbsp;&nbsp;&nbsp;&nbsp;&nbsp;&nbsp;&nbsp;&nbsp;&nbsp;&nbsp;&nbsp;&nbsp;&nbsp;&nbsp;&nbsp;&nbsp;&nbsp;&nbsp;&nbsp;&nbsp;&nbsp;&nbsp;&nbsp;&nbsp;&nbsp;&nbsp;&nbsp;&nbsp;&nbsp;&nbsp;&nbsp;&nbsp;&nbsp;&nbsp; 6. Porphyra Algae เป็นสารสกัดจากสาหร่ายสีแดงพอร์ไฟรา ช่วยในการเสริมสร้างเกราะ ป้องกันผิว (Skin barrier) ให้แข็งแรง โดยมีการสร้างฟิล์มเคลือบผิวด้วยสารพอร์ไฟแรน&nbsp;&nbsp;&nbsp;&nbsp;&nbsp;&nbsp;&nbsp;&nbsp;&nbsp;&nbsp;&nbsp;&nbsp;&nbsp;&nbsp;&nbsp;&nbsp;&nbsp;&nbsp;&nbsp;&nbsp;&nbsp;&nbsp;&nbsp;&nbsp;&nbsp;&nbsp;&nbsp;&nbsp;&nbsp;&nbsp;&nbsp;&nbsp;&nbsp;&nbsp;&nbsp;&nbsp;&nbsp;&nbsp;&nbsp;&nbsp;&nbsp;&nbsp;&nbsp;&nbsp;&nbsp;</p>\r\n		<p>\r\n			&nbsp; 7. Herb robert เป็นสารสกัดจากพืชดอกตระกูล Geranium ช่วยในการปกป้องคอลลาเจน ในผิว โดยไปยับยั้งการท างานของเอนไซม์ Tryptase และยับยั้งการย่อยสลายของ คอลลาเจน</p>\r\n		<p>\r\n			&nbsp;8. Cornflower เป็นสารสกัดคอร์นฟลาวเวอร์ช่วยในการเพิ่มการขจัดของเสียตกค้างใต้ผิว ในระบบน้ าเหลือง และดูแลระบบท่อน้ าเหลือง</p>\r\n		<p>\r\n			&nbsp;9. Rooibos เป็นสารสกัดจากต้นรอยบอสช่วยยับยั้งการเกิดปฏิกิริยาออกซิเดชันของไขมัน โดยอนุมูลอิสระ และมีฤทธิ์ต้านอนุมูลอิสระเหมือนสาร SOD ช่วยในการป้องกัน สารเคลือบเซลล์ (Subcellular matrix) ไม่ให้ถูกท าลายจากความเครียดจากสิ่งแวดล้อม. ล้วนเป็นสารสกัด ที่พรีเมียม ที่คัดสรรมาแล้วค่ะ ^^&nbsp;&nbsp;&nbsp;&nbsp;&nbsp;&nbsp;&nbsp;&nbsp;&nbsp;&nbsp;&nbsp;&nbsp;&nbsp;&nbsp;&nbsp;&nbsp;&nbsp;&nbsp;&nbsp;&nbsp;&nbsp;&nbsp;&nbsp;&nbsp;</p>\r\n		&nbsp;#lamochathailand #LamochFreshandsmoothcleansingfoam #โฟมหน้าใส #โฟมล้างหน้า #โฟมลดสิวอุดตัน #โฟมยกกระชับผิวหน้า</li>\r\n</ul>', '<ul style=\"box-sizing: border-box; margin-top: 0px; margin-bottom: 1rem; list-style: none; padding-left: 0px; font-size: 15px; line-height: 31px; color: rgb(33, 37, 41); font-family: Poppins, Prompt, sans-serif;\">\r\n	<li style=\"box-sizing: border-box;\">\r\n		<p>\r\n			Main Ingredients/Function (ส่วนประกอบหลัก และประสิทธิภาพ)</p>\r\n		<p>\r\n			1.&nbsp; Skinguard&nbsp; : คุณค่าจากสารสกัดธรรมชาติ 9 ชนิด ที่ท างานเสริมฤทธิ์กันช่วยปกป้องผิวจากมลภาวะ ทางอากาศ เช่น ควันจากท่อไอเสีย ฝุ่นละอองขนาดเล็ก (PM2.5)ให้เกิดความสมดุล ซึ่งประกอบไปด้วย 1.Ougon เป็นสารสกัดจาก Scutellaria root ช่วยในการปกป้องผิวจากมลพิษทาง สิ่งแวดล้อม</p>\r\n		<p>\r\n			&nbsp;2. Houttuynia เป็นสารสกัดจากคาวทอง ช่วยในการยับยั้งการสร้างเอนไซม์ CPY1B1 และช่วยในการปกป้องผิวจากมลพิษทางสิ่งแวดล้อม</p>\r\n		<p>\r\n			3. Buddleja Officinalis Flower Extract : สารสกัดธรรมชาติจากดอก Buddleia (Buddleja Officinalis)&nbsp; หรือที่รู้จักกันดีในอีกชื่อคือ Butterfly bush หรือในวงการแพทย์แผนจีนเรียกว่า เม็กโหม่วฮวยเป็นดอกไม้สีม่วงอ่อน ที่พบมากในแถบมณฑลจีนยูนนาน ประเทศจีน ดอกไม้นี้เติบโตในสภาพอากาศ รังสี ความร้อน และแสงแดดที่รุนแรง จึงท าให้สารสกัดอุดมไปด้วยสาร Verbascoside และ Echinacoside ซึ่งช่วยกระตุ้น Phenylpropanoids pathway กระตุ้นการท างานของเอนไซม์ ซึ่งเร่งปฎิกิริยาการสร้างสารประกอบ Protective compounds ส าหรับผิว มีสรรพคุณช่วย ในการปกป้องผิวจากการท าลายของรังสี UV, IR และแสงสีฟ้า (Blue light) ลดการอักเสบ ของผิว และปรับสมดุลของระบบภูมิคุ้มกันผิว (Protection from inflammation)</p>\r\n		<p>\r\n			4. Coffea Arabica Seed Extract : สารสกัดจากเมล็ดกาแฟดิบสายพันธุ์อาราบิก้าที่ยังไม่ผ่านกระบวนการคั่ว น ามาสกัดให้ได้ กาแฟชนิดที่มีคาเฟอีนน้อย ประกอบด้วยสารส าคัญคือ Polyphenol ที่มีชื่อเรียกว่า กรดคลอโรจินิก (Chlorogenic Acid) ซึ่งมีคุณสมบัติเป็นสารต้านอนุมูลอิสระ (Antioxidant) ที่มีประสิทธิภาพสูง พร้อมยังมีคุณสมบัติช่วยกระชับผิว</p>\r\n		<p>\r\n			5. Pharcolex : ประกอบด้วยสารสกัดจากดอกไม้ 6 ชนิดได้แก่ Anthemis Nobilis Flower, Centaurea Cyanus Flower, Chamomilla Recutita Flower, Hypericum Perforatum Flower,Tilia Cordata Flower, Calendula Officinalis Flower ช่วยลดการระคายเคือง ผื่นแพ้ การอักเสบ</p>\r\n		<p>\r\n			&nbsp;ของผิวจากมลภาวะต่างๆ ต้านอนุมูลอิสระและเพิ่มความยืดหยุ่นให้กับเซลล์ผิว&nbsp;&nbsp;&nbsp;&nbsp;&nbsp;&nbsp;&nbsp;&nbsp;&nbsp;&nbsp;&nbsp;&nbsp;&nbsp;&nbsp;&nbsp;&nbsp;&nbsp;&nbsp;&nbsp;&nbsp;&nbsp;&nbsp;&nbsp;&nbsp;&nbsp;&nbsp;&nbsp;&nbsp;&nbsp;&nbsp;&nbsp;&nbsp;&nbsp;&nbsp;&nbsp;&nbsp;&nbsp;&nbsp;&nbsp;&nbsp;&nbsp;&nbsp;&nbsp;&nbsp;&nbsp;&nbsp;&nbsp;&nbsp;&nbsp;&nbsp;&nbsp;&nbsp;&nbsp;&nbsp;&nbsp;&nbsp;&nbsp;&nbsp;&nbsp;&nbsp;&nbsp;&nbsp;&nbsp;&nbsp;&nbsp;&nbsp;&nbsp;&nbsp;&nbsp;&nbsp;&nbsp;&nbsp;&nbsp;&nbsp;&nbsp;&nbsp;&nbsp;&nbsp;&nbsp;&nbsp;&nbsp;&nbsp;&nbsp;&nbsp;&nbsp;&nbsp;&nbsp;&nbsp; 6. Porphyra Algae เป็นสารสกัดจากสาหร่ายสีแดงพอร์ไฟรา ช่วยในการเสริมสร้างเกราะ ป้องกันผิว (Skin barrier) ให้แข็งแรง โดยมีการสร้างฟิล์มเคลือบผิวด้วยสารพอร์ไฟแรน&nbsp;&nbsp;&nbsp;&nbsp;&nbsp;&nbsp;&nbsp;&nbsp;&nbsp;&nbsp;&nbsp;&nbsp;&nbsp;&nbsp;&nbsp;&nbsp;&nbsp;&nbsp;&nbsp;&nbsp;&nbsp;&nbsp;&nbsp;&nbsp;&nbsp;&nbsp;&nbsp;&nbsp;&nbsp;&nbsp;&nbsp;&nbsp;&nbsp;&nbsp;&nbsp;&nbsp;&nbsp;&nbsp;&nbsp;&nbsp;&nbsp;&nbsp;&nbsp;&nbsp;&nbsp;</p>\r\n		<p>\r\n			&nbsp; 7. Herb robert เป็นสารสกัดจากพืชดอกตระกูล Geranium ช่วยในการปกป้องคอลลาเจน ในผิว โดยไปยับยั้งการท างานของเอนไซม์ Tryptase และยับยั้งการย่อยสลายของ คอลลาเจน</p>\r\n		<p>\r\n			&nbsp;8. Cornflower เป็นสารสกัดคอร์นฟลาวเวอร์ช่วยในการเพิ่มการขจัดของเสียตกค้างใต้ผิว ในระบบน้ าเหลือง และดูแลระบบท่อน้ าเหลือง</p>\r\n		<p>\r\n			&nbsp;9. Rooibos เป็นสารสกัดจากต้นรอยบอสช่วยยับยั้งการเกิดปฏิกิริยาออกซิเดชันของไขมัน โดยอนุมูลอิสระ และมีฤทธิ์ต้านอนุมูลอิสระเหมือนสาร SOD ช่วยในการป้องกัน สารเคลือบเซลล์ (Subcellular matrix) ไม่ให้ถูกท าลายจากความเครียดจากสิ่งแวดล้อม. ล้วนเป็นสารสกัด ที่พรีเมียม ที่คัดสรรมาแล้วค่ะ ^^&nbsp;&nbsp;&nbsp;&nbsp;&nbsp;&nbsp;&nbsp;&nbsp;&nbsp;&nbsp;&nbsp;&nbsp;&nbsp;&nbsp;&nbsp;&nbsp;&nbsp;&nbsp;&nbsp;&nbsp;&nbsp;&nbsp;&nbsp;&nbsp;</p>\r\n		&nbsp;#lamochathailand #LamochFreshandsmoothcleansingfoam #โฟมหน้าใส #โฟมล้างหน้า #โฟมลดสิวอุดตัน #โฟมยกกระชับผิวหน้า</li>\r\n	<li style=\"box-sizing: border-box;\">\r\n		5. อำพรางรูขุมขน เบลินผิวให้ดูเรียบเนียนละเอียด มีออร่าตลอดวัน.</li>\r\n</ul>', '<p>\r\n	-</p>', '<p style=\"box-sizing: border-box; margin-top: 0px; margin-bottom: 1rem; font-size: 15px; padding-top: 10px; color: rgb(33, 37, 41); font-family: Poppins, Prompt, sans-serif;\">\r\n	-</p>', '<p style=\"box-sizing: border-box; margin-top: 0px; margin-bottom: 1rem; font-size: 15px; padding-top: 10px; color: rgb(33, 37, 41); font-family: Poppins, Prompt, sans-serif;\">\r\n	-</p>', 890.00, '2020-10-02 07:27:48', '::1', '2021-11-03 08:25:55', '1.46.17.34'),
(2, 'cream.png', 'ครีมกันแดด', 'ครีมกันแดด', 'ครีมกันแดด', 'ครีมกันแดด ( LA MOCHA Perfect smooth mousse sunscreen SPF 50 PA ++++ ) 30 g', 'ครีมกันแดด ( LA MOCHA Perfect smooth mousse sunscreen SPF 50 PA ++++ ) 30 g', 'ครีมกันแดด ( LA MOCHA Perfect smooth mousse sunscreen SPF 50 PA ++++ ) 30 g', '002', 'ครีมกันแดดทาหน้า : เนื้อดีคือสิ่งที่ช่วยปกป้องผิวใบหน้าอันบอบบางจากแสงแดดจ้าได้ ไม่เพียงแต่ทุกวันนี้เราเจอกับแสงแดดจากธรรมชาติทั้งนั้น เรายังต้องเจอกับแสงจากหลอดไฟภายในอาคาร ผิวใบหน้าของเราหากไม่ปกป้องเสียตั้งแต่เนิ่น ๆ ด้วยการครีมกันแดด ก็อาจจะส่งผลเสียให้กับผิวหน้าของเราได้', 'ครีมกันแดดทาหน้า : เนื้อดีคือสิ่งที่ช่วยปกป้องผิวใบหน้าอันบอบบางจากแสงแดดจ้าได้ ไม่เพียงแต่ทุกวันนี้เราเจอกับแสงแดดจากธรรมชาติทั้งนั้น เรายังต้องเจอกับแสงจากหลอดไฟภายในอาคาร ผิวใบหน้าของเราหากไม่ปกป้องเสียตั้งแต่เนิ่น ๆ ด้วยการครีมกันแดด ก็อาจจะส่งผลเสียให้กับผิวหน้าของเราได้', 'ครีมกันแดดทาหน้า : เนื้อดีคือสิ่งที่ช่วยปกป้องผิวใบหน้าอันบอบบางจากแสงแดดจ้าได้ ไม่เพียงแต่ทุกวันนี้เราเจอกับแสงแดดจากธรรมชาติทั้งนั้น เรายังต้องเจอกับแสงจากหลอดไฟภายในอาคาร ผิวใบหน้าของเราหากไม่ปกป้องเสียตั้งแต่เนิ่น ๆ ด้วยการครีมกันแดด ก็อาจจะส่งผลเสียให้กับผิวหน้าของเราได้', '<ul style=\"box-sizing: border-box; margin-top: 0px; margin-bottom: 1rem; list-style: none; padding-left: 0px; font-size: 15px; line-height: 31px; color: rgb(33, 37, 41); font-family: Poppins, Prompt, sans-serif;\">\r\n	<li style=\"box-sizing: border-box;\">\r\n		<p align=\"center\">\r\n			กันแดดสูตร ผสมรองพื้นและ แป้งไว้ในหลอดเดียว มี อาหารผิวสารบำรุง แบรนด์เดียว ที่จัดเต็มขนาดนี้!</p>\r\n		<p align=\"center\">\r\n			&nbsp;</p>\r\n		<p align=\"center\">\r\n			#ลาโมช่า ครีมกันแดดเนื้อแป้งผสมอาหารผิว</p>\r\n		<p align=\"center\">\r\n			ที่ใช้สารสกัดสีทอง จากธรรมชาติ ถึง 8 ชนิด</p>\r\n		<p align=\"center\">\r\n			จึงปลอดภัย ใช้ได้กับทุกสภาพผิว แม้ผิวที่แพ้ง่าย</p>\r\n		<p align=\"center\">\r\n			จัดเต็มให้ผิวขนาดนี้ ไม่ดีได้ไง?</p>\r\n		<p align=\"center\">\r\n			&nbsp;</p>\r\n		<p align=\"center\">\r\n			☑ เพียงแค่แตะครีมสัมผัสผิว ก็รู้สึกถึงความเนียนนุ่ม</p>\r\n		<p align=\"center\">\r\n			☑ ปกปิดรูขุมขนสนิท ไม่เหนียวเหนอะหน้า</p>\r\n		<p align=\"center\">\r\n			☑ ทำให้ผิวหน้าเบาสบาย ตบแป้งครั้งเดียวอยู่ได้ทั้งวัน</p>\r\n		<p align=\"center\">\r\n			☑ หน้าไม่มัน พร้อมบำรุงให้หน้าชุ่มชื้น อย่างมีออร่า</p>\r\n		<p align=\"center\">\r\n			&nbsp;</p>\r\n		<p align=\"center\">\r\n			✨อยากลดขั้นตอนความยุ่งยากในการแต่งหน้า</p>\r\n		<p align=\"center\">\r\n			ใช้ #ลาโมช่า กันแดดเนื้อครีม รับรองคุณจะต้องหลงรัก</p>\r\n		<p>\r\n			ทำไมต้องเป็นครีมกันแดด Lamocha</p>\r\n		<p>\r\n			ครีมกันแดดทาหน้า : เนื้อดีคือสิ่งที่ช่วยปกป้องผิวใบหน้าอันบอบบางจากแสงแดดจ้าได้ ไม่เพียงแต่ทุกวันนี้เราเจอกับแสงแดดจากธรรมชาติทั้งนั้น เรายังต้องเจอกับแสงจากหลอดไฟภายในอาคาร ผิวใบหน้าของเราหากไม่ปกป้องเสียตั้งแต่เนิ่น ๆ ด้วยการครีมกันแดด ก็อาจจะส่งผลเสียให้กับผิวหน้าของเราได้</p>\r\n		<p>\r\n			&nbsp;</p>\r\n		<p>\r\n			ครีมกันแดด Lamocha สูตรมหัสจรรย์เพื่อการบำรุงและปกป้องผิวจากแสงแดด</p>\r\n		<p>\r\n			นอกจากเป็นครีมกันแดดเนื้อสมูท ยังมีสารสกัดบำรุงผิวจากรังไหมสีทองบริสุทธิ์ ข้าวโอ๊ค เห็ดชิตาเกะ และสาหร่ายใต้ท้องทะเลลึก</p>\r\n		<p>\r\n			ปกป้องผิวจากแสงแดดได้ด้วยสาร SPF 50 PA++++ ปกป้องผิวจากแสงแดดได้อย่างยาวนาน</p>\r\n		<p>\r\n			มีวิตามินอี อาหารผิวสุดพรีเมี่ยม ให้อาหารผิวได้ในขณะที่ปกป้องผิวจากแสงแดด</p>\r\n		<p>\r\n			ทาทับเมคอัพได้ในระหว่างวัน ไม่ต้องกลัวหน้าเป็นคราบ เพราะครีมกันแดดกันเหงื่อได้ แถมยังปกปิดได้อย่างยาวนานตลอดวัน</p>\r\n		<p>\r\n			ครีมกันแดดนั้นมีมากมาย แต่ถ้าต้องการครีมกันแดดที่เป็นได้ทั้งครีมบำรุงผิวสุดลึกล้ำด้วยแล้วล่ะก็ ต้องเป็นครีมกันแดด LaMocha เท่านั้นเลย</p>\r\n		<p>\r\n			&nbsp;</p>\r\n		<p>\r\n			ครีมกันแดด Lamocha ดีอย่างไร ?</p>\r\n		<p>\r\n			ผิวหนังของสาวเอเชียเป็นผิวที่ไวต่อแสงแดด ลองสังเกตได้ ถ้าเราออกแดดเพียงไม่กี่นาที ผิวของเราก็คล้ำแดดแล้ว โดยเฉพาะผิวหน้าของเราที่ไวต่อแสงแดด ถ้าไม่อยากให้เกิดปัญหาผิว มีทางเดียวเท่านั้นที่เราจะปกป้องผิวของเราได้ก็คือ ใช้ครีมกันแดดทุกครั้ง และยิ่งดีกว่านั้นหากเราปกป้องผิวด้วยครีมกันแดด Lamocha</p>\r\n		<p>\r\n			&nbsp;</p>\r\n		<p>\r\n			Lamocha เป็นได้มากกว่าครีมกันแดด ทาครั้งเดียวเป็นทั้งครีมบำรุงผิวและครีมกันแดดได้เลย</p>\r\n		<p>\r\n			ออกแดดกี่ครั้งก็ไม่ต้องกลัวหน้าเป็นคราบ กันเหงื่อได้ดีมาก</p>\r\n		<p>\r\n			ครีมกันแดดเติมทับเมคอัพได้เลย ทาทับได้ในระหว่างวัน</p>\r\n		<p>\r\n			เป็นครีมรองพื้นที่ปกปิดได้แนบเนียนสุด ๆ อำพรางรูขุมขนได้เรียบเนียนกริบ</p>\r\n		<p>\r\n			มีประสิทธิภาพทั้งป้องกันแดดและบำรุงผิวได้ในขั้นตอนเดียว</p>\r\n		<p>\r\n			เพื่อการบำรุงผิวสุดลึกล้ำและปกป้องผิวจากแสงแดด Lamocha ครีมกันแดดสารสกัดจากรังไหมสีทองธรรมชาติสุดเข้มข้น สกัดเป็นครีมกันแดดแบบรองพื้นเนื้อสมูท บำรุงผิวและปกป้องผิวได้ในคราวเดียวกัน</p>\r\n		<p>\r\n			&nbsp;</p>\r\n		<p>\r\n			ส่วนประกอบของ LaMocha มีอะไรบ้างนะ ?</p>\r\n		<p>\r\n			ครีมกันแดด LaMocha ครีมกันแดดสุดพรีเมียม สามารถเป็นทั้งครีมบำรุงผิวและครีมกันแดดได้ภายในครั้งเดียว นอกจากจะช่วยป้องกันผิวจากรังสี UVA และ UVB แล้ว ส่วนประกอบของครีมกันแดด LaMocha ก็พรีเมี่ยมไม่แพ้กันค่</p>\r\n		<p>\r\n			&nbsp;</p>\r\n		<p>\r\n			ผนังเซลล์ยีสต์ ช่วยเสริมสร้างผิวให้แข็งแรงมีสุขภาพดี</p>\r\n		<p>\r\n			เห็ดชิตาเกะ ช่วยต้านสารอนุมูลอิสระ ลดการอักเสบของผิวหนัง ชะลอการแพ้</p>\r\n		<p>\r\n			สาหร่ายใต้ท้องทะเลลึก ช่วยควบคุมความมันบนใบหน้า เป็นสารค้านอนุมูลอิสระและมีวิตามินซีที่ดีต่อผิวสุด ๆ</p>\r\n		<p>\r\n			รังไหมสีทองบริสุทธิ์ บำรุงให้ผิวเนียนนุ่ม ขจัดเซลล์ผิวที่ตายแล้ว ผลัดเซลล์ผิวให้กลับมาสวยบลิ๊งมากกว่าเดิม</p>\r\n		<p>\r\n			ข้าวโอ๊ต ข้าวบาร์เล่ต์ ปรับผิวให้ชุ่มชื้น ช่วยดูซับรังสี UVA</p>\r\n		<p>\r\n			อัลฟ่าอาบูติน สารสกัดวิตามินซีจากธรรมชาติ ช่วยให้ผิวขาว กระจ่างใส ทำให้สีผิวคล้ำช้าลง</p>\r\n		<p>\r\n			ทองคำบริสุทธิ์ อุดมด้วยสารต้านอนุมูลอิสระ ลดการอักเสบจากรังสี UV ได้ ลดริ้วรอยได้</p>\r\n		<p>\r\n			ครีมกันแดดทาหน้า LaMocha เนื้อสมูทใช้ง่าย เป็นรองพื้นเนื้อละเอียด ปกป้องผิวจากแสงแดดได้อย่างยาวนาน พร้อมบำรุงผิวได้ตลอดวันเลย</p>\r\n		<p>\r\n			&nbsp;</p>\r\n		<p>\r\n			ประโยชน์ของครีมกันแดด LaMocha</p>\r\n		<p>\r\n			สาว ๆ ที่ไม่อยากมีปัญหาผิวจากการถูกแสงแดดทำร้าย อย่าลืมหาครีมกันแดดเนื้อดีเอาไว้ใช้ก่อนออกจากบ้านด้วยนะคะ เพราะไม่เช่นนั้น ผิวสวยของคุณอาจจะกลายเป็นผิวเสียได้ หากคุณชะล่าใจ และจะมีครีมกันแดดสักกี่ตัวที่นอกจากจะช่วยป้องกันแสงแดดแล้วยังเป็นครีมบำรุงผิวได้ด้วย ลองตามมาดูกันค่ะ</p>\r\n		<p>\r\n			&nbsp;</p>\r\n		<p>\r\n			ครีมกันแดด LaMocha ช่วยต้านทานสารอนุมูลอิสระ ด้วยสารสกัดจากรังไหมสีทองบริสุทธิ์ ทองคำบริสุทธิ์ เห็ดชิตาเกะ และสารหร่ายใต้ท้องทะเลลึก ที่เราสกัดมาไว้ใน LaMocha</p>\r\n		<p>\r\n			ช่วยเติมความชุ่มชื้นให้กับผิวได้ในระหว่างวัน ไม่ต้องกลัวว่าผิวจะแห้งจากสารเคมี เพราะเราคัดเลือกเอาแต่สารสกัดธรรมชาติเท่านั้น</p>\r\n		<p>\r\n			เป็นรองพื้นเนื้อละเอียด ปกปิดอำพรางรูขุมขนและจุดด่างดำได้อย่างเนียนเรียบกริบ แต่ไม่อุดตันรูขุมขนแน่นอน</p>\r\n		<p>\r\n			จะออกแดดระหว่างวัน สามารถเติมทับเมคอัพได้ กันทั้งเหงื่อและคุมความมัน ไม่ทำให้ผิวหน้าเป็นคราบ</p>\r\n		<p>\r\n			สรุป ครีมกันแดดทาหน้า</p>\r\n		<p>\r\n			ดีขนาดนี้ ถ้าไม่ใช้จะพลาดของดีเอานะคะ ยิ่งแดดบ้านเราแรงๆ แบบนี้ ก่อนออกจากบ้าน อย่าทาครีมกันแดด LaMocha ด้วยกันนะคะ</p>\r\n	</li>\r\n</ul>', '<ul style=\"box-sizing: border-box; margin-top: 0px; margin-bottom: 1rem; list-style: none; padding-left: 0px; font-size: 15px; line-height: 31px; color: rgb(33, 37, 41); font-family: Poppins, Prompt, sans-serif;\">\r\n	<li style=\"box-sizing: border-box;\">\r\n		<p align=\"center\">\r\n			กันแดดสูตร ผสมรองพื้นและ แป้งไว้ในหลอดเดียว มี อาหารผิวสารบำรุง แบรนด์เดียว ที่จัดเต็มขนาดนี้!</p>\r\n		<p align=\"center\">\r\n			&nbsp;</p>\r\n		<p align=\"center\">\r\n			#ลาโมช่า ครีมกันแดดเนื้อแป้งผสมอาหารผิว</p>\r\n		<p align=\"center\">\r\n			ที่ใช้สารสกัดสีทอง จากธรรมชาติ ถึง 8 ชนิด</p>\r\n		<p align=\"center\">\r\n			จึงปลอดภัย ใช้ได้กับทุกสภาพผิว แม้ผิวที่แพ้ง่าย</p>\r\n		<p align=\"center\">\r\n			จัดเต็มให้ผิวขนาดนี้ ไม่ดีได้ไง?</p>\r\n		<p align=\"center\">\r\n			&nbsp;</p>\r\n		<p align=\"center\">\r\n			☑ เพียงแค่แตะครีมสัมผัสผิว ก็รู้สึกถึงความเนียนนุ่ม</p>\r\n		<p align=\"center\">\r\n			☑ ปกปิดรูขุมขนสนิท ไม่เหนียวเหนอะหน้า</p>\r\n		<p align=\"center\">\r\n			☑ ทำให้ผิวหน้าเบาสบาย ตบแป้งครั้งเดียวอยู่ได้ทั้งวัน</p>\r\n		<p align=\"center\">\r\n			☑ หน้าไม่มัน พร้อมบำรุงให้หน้าชุ่มชื้น อย่างมีออร่า</p>\r\n		<p align=\"center\">\r\n			&nbsp;</p>\r\n		<p align=\"center\">\r\n			✨อยากลดขั้นตอนความยุ่งยากในการแต่งหน้า</p>\r\n		<p align=\"center\">\r\n			ใช้ #ลาโมช่า กันแดดเนื้อครีม รับรองคุณจะต้องหลงรัก</p>\r\n		<p>\r\n			ทำไมต้องเป็นครีมกันแดด Lamocha</p>\r\n		<p>\r\n			ครีมกันแดดทาหน้า : เนื้อดีคือสิ่งที่ช่วยปกป้องผิวใบหน้าอันบอบบางจากแสงแดดจ้าได้ ไม่เพียงแต่ทุกวันนี้เราเจอกับแสงแดดจากธรรมชาติทั้งนั้น เรายังต้องเจอกับแสงจากหลอดไฟภายในอาคาร ผิวใบหน้าของเราหากไม่ปกป้องเสียตั้งแต่เนิ่น ๆ ด้วยการครีมกันแดด ก็อาจจะส่งผลเสียให้กับผิวหน้าของเราได้</p>\r\n		<p>\r\n			&nbsp;</p>\r\n		<p>\r\n			ครีมกันแดด Lamocha สูตรมหัสจรรย์เพื่อการบำรุงและปกป้องผิวจากแสงแดด</p>\r\n		<p>\r\n			นอกจากเป็นครีมกันแดดเนื้อสมูท ยังมีสารสกัดบำรุงผิวจากรังไหมสีทองบริสุทธิ์ ข้าวโอ๊ค เห็ดชิตาเกะ และสาหร่ายใต้ท้องทะเลลึก</p>\r\n		<p>\r\n			ปกป้องผิวจากแสงแดดได้ด้วยสาร SPF 50 PA++++ ปกป้องผิวจากแสงแดดได้อย่างยาวนาน</p>\r\n		<p>\r\n			มีวิตามินอี อาหารผิวสุดพรีเมี่ยม ให้อาหารผิวได้ในขณะที่ปกป้องผิวจากแสงแดด</p>\r\n		<p>\r\n			ทาทับเมคอัพได้ในระหว่างวัน ไม่ต้องกลัวหน้าเป็นคราบ เพราะครีมกันแดดกันเหงื่อได้ แถมยังปกปิดได้อย่างยาวนานตลอดวัน</p>\r\n		<p>\r\n			ครีมกันแดดนั้นมีมากมาย แต่ถ้าต้องการครีมกันแดดที่เป็นได้ทั้งครีมบำรุงผิวสุดลึกล้ำด้วยแล้วล่ะก็ ต้องเป็นครีมกันแดด LaMocha เท่านั้นเลย</p>\r\n		<p>\r\n			&nbsp;</p>\r\n		<p>\r\n			ครีมกันแดด Lamocha ดีอย่างไร ?</p>\r\n		<p>\r\n			ผิวหนังของสาวเอเชียเป็นผิวที่ไวต่อแสงแดด ลองสังเกตได้ ถ้าเราออกแดดเพียงไม่กี่นาที ผิวของเราก็คล้ำแดดแล้ว โดยเฉพาะผิวหน้าของเราที่ไวต่อแสงแดด ถ้าไม่อยากให้เกิดปัญหาผิว มีทางเดียวเท่านั้นที่เราจะปกป้องผิวของเราได้ก็คือ ใช้ครีมกันแดดทุกครั้ง และยิ่งดีกว่านั้นหากเราปกป้องผิวด้วยครีมกันแดด Lamocha</p>\r\n		<p>\r\n			&nbsp;</p>\r\n		<p>\r\n			Lamocha เป็นได้มากกว่าครีมกันแดด ทาครั้งเดียวเป็นทั้งครีมบำรุงผิวและครีมกันแดดได้เลย</p>\r\n		<p>\r\n			ออกแดดกี่ครั้งก็ไม่ต้องกลัวหน้าเป็นคราบ กันเหงื่อได้ดีมาก</p>\r\n		<p>\r\n			ครีมกันแดดเติมทับเมคอัพได้เลย ทาทับได้ในระหว่างวัน</p>\r\n		<p>\r\n			เป็นครีมรองพื้นที่ปกปิดได้แนบเนียนสุด ๆ อำพรางรูขุมขนได้เรียบเนียนกริบ</p>\r\n		<p>\r\n			มีประสิทธิภาพทั้งป้องกันแดดและบำรุงผิวได้ในขั้นตอนเดียว</p>\r\n		<p>\r\n			เพื่อการบำรุงผิวสุดลึกล้ำและปกป้องผิวจากแสงแดด Lamocha ครีมกันแดดสารสกัดจากรังไหมสีทองธรรมชาติสุดเข้มข้น สกัดเป็นครีมกันแดดแบบรองพื้นเนื้อสมูท บำรุงผิวและปกป้องผิวได้ในคราวเดียวกัน</p>\r\n		<p>\r\n			&nbsp;</p>\r\n		<p>\r\n			ส่วนประกอบของ LaMocha มีอะไรบ้างนะ ?</p>\r\n		<p>\r\n			ครีมกันแดด LaMocha ครีมกันแดดสุดพรีเมียม สามารถเป็นทั้งครีมบำรุงผิวและครีมกันแดดได้ภายในครั้งเดียว นอกจากจะช่วยป้องกันผิวจากรังสี UVA และ UVB แล้ว ส่วนประกอบของครีมกันแดด LaMocha ก็พรีเมี่ยมไม่แพ้กันค่</p>\r\n		<p>\r\n			&nbsp;</p>\r\n		<p>\r\n			ผนังเซลล์ยีสต์ ช่วยเสริมสร้างผิวให้แข็งแรงมีสุขภาพดี</p>\r\n		<p>\r\n			เห็ดชิตาเกะ ช่วยต้านสารอนุมูลอิสระ ลดการอักเสบของผิวหนัง ชะลอการแพ้</p>\r\n		<p>\r\n			สาหร่ายใต้ท้องทะเลลึก ช่วยควบคุมความมันบนใบหน้า เป็นสารค้านอนุมูลอิสระและมีวิตามินซีที่ดีต่อผิวสุด ๆ</p>\r\n		<p>\r\n			รังไหมสีทองบริสุทธิ์ บำรุงให้ผิวเนียนนุ่ม ขจัดเซลล์ผิวที่ตายแล้ว ผลัดเซลล์ผิวให้กลับมาสวยบลิ๊งมากกว่าเดิม</p>\r\n		<p>\r\n			ข้าวโอ๊ต ข้าวบาร์เล่ต์ ปรับผิวให้ชุ่มชื้น ช่วยดูซับรังสี UVA</p>\r\n		<p>\r\n			อัลฟ่าอาบูติน สารสกัดวิตามินซีจากธรรมชาติ ช่วยให้ผิวขาว กระจ่างใส ทำให้สีผิวคล้ำช้าลง</p>\r\n		<p>\r\n			ทองคำบริสุทธิ์ อุดมด้วยสารต้านอนุมูลอิสระ ลดการอักเสบจากรังสี UV ได้ ลดริ้วรอยได้</p>\r\n		<p>\r\n			ครีมกันแดดทาหน้า LaMocha เนื้อสมูทใช้ง่าย เป็นรองพื้นเนื้อละเอียด ปกป้องผิวจากแสงแดดได้อย่างยาวนาน พร้อมบำรุงผิวได้ตลอดวันเลย</p>\r\n		<p>\r\n			&nbsp;</p>\r\n		<p>\r\n			ประโยชน์ของครีมกันแดด LaMocha</p>\r\n		<p>\r\n			สาว ๆ ที่ไม่อยากมีปัญหาผิวจากการถูกแสงแดดทำร้าย อย่าลืมหาครีมกันแดดเนื้อดีเอาไว้ใช้ก่อนออกจากบ้านด้วยนะคะ เพราะไม่เช่นนั้น ผิวสวยของคุณอาจจะกลายเป็นผิวเสียได้ หากคุณชะล่าใจ และจะมีครีมกันแดดสักกี่ตัวที่นอกจากจะช่วยป้องกันแสงแดดแล้วยังเป็นครีมบำรุงผิวได้ด้วย ลองตามมาดูกันค่ะ</p>\r\n		<p>\r\n			&nbsp;</p>\r\n		<p>\r\n			ครีมกันแดด LaMocha ช่วยต้านทานสารอนุมูลอิสระ ด้วยสารสกัดจากรังไหมสีทองบริสุทธิ์ ทองคำบริสุทธิ์ เห็ดชิตาเกะ และสารหร่ายใต้ท้องทะเลลึก ที่เราสกัดมาไว้ใน LaMocha</p>\r\n		<p>\r\n			ช่วยเติมความชุ่มชื้นให้กับผิวได้ในระหว่างวัน ไม่ต้องกลัวว่าผิวจะแห้งจากสารเคมี เพราะเราคัดเลือกเอาแต่สารสกัดธรรมชาติเท่านั้น</p>\r\n		<p>\r\n			เป็นรองพื้นเนื้อละเอียด ปกปิดอำพรางรูขุมขนและจุดด่างดำได้อย่างเนียนเรียบกริบ แต่ไม่อุดตันรูขุมขนแน่นอน</p>\r\n		<p>\r\n			จะออกแดดระหว่างวัน สามารถเติมทับเมคอัพได้ กันทั้งเหงื่อและคุมความมัน ไม่ทำให้ผิวหน้าเป็นคราบ</p>\r\n		<p>\r\n			สรุป ครีมกันแดดทาหน้า</p>\r\n		<p>\r\n			ดีขนาดนี้ ถ้าไม่ใช้จะพลาดของดีเอานะคะ ยิ่งแดดบ้านเราแรงๆ แบบนี้ ก่อนออกจากบ้าน อย่าทาครีมกันแดด LaMocha ด้วยกันนะคะ</p>\r\n	</li>\r\n	<li style=\"box-sizing: border-box;\">\r\n		5. อำพรางรูขุมขน เบลินผิวให้ดูเรียบเนียนละเอียด มีออร่าตลอดวัน.</li>\r\n</ul>', '<ul style=\"box-sizing: border-box; margin-top: 0px; margin-bottom: 1rem; list-style: none; padding-left: 0px; font-size: 15px; line-height: 31px; color: rgb(33, 37, 41); font-family: Poppins, Prompt, sans-serif;\">\r\n	<li style=\"box-sizing: border-box;\">\r\n		<p align=\"center\">\r\n			กันแดดสูตร ผสมรองพื้นและ แป้งไว้ในหลอดเดียว มี อาหารผิวสารบำรุง แบรนด์เดียว ที่จัดเต็มขนาดนี้!</p>\r\n		<p align=\"center\">\r\n			&nbsp;</p>\r\n		<p align=\"center\">\r\n			#ลาโมช่า ครีมกันแดดเนื้อแป้งผสมอาหารผิว</p>\r\n		<p align=\"center\">\r\n			ที่ใช้สารสกัดสีทอง จากธรรมชาติ ถึง 8 ชนิด</p>\r\n		<p align=\"center\">\r\n			จึงปลอดภัย ใช้ได้กับทุกสภาพผิว แม้ผิวที่แพ้ง่าย</p>\r\n		<p align=\"center\">\r\n			จัดเต็มให้ผิวขนาดนี้ ไม่ดีได้ไง?</p>\r\n		<p align=\"center\">\r\n			&nbsp;</p>\r\n		<p align=\"center\">\r\n			☑ เพียงแค่แตะครีมสัมผัสผิว ก็รู้สึกถึงความเนียนนุ่ม</p>\r\n		<p align=\"center\">\r\n			☑ ปกปิดรูขุมขนสนิท ไม่เหนียวเหนอะหน้า</p>\r\n		<p align=\"center\">\r\n			☑ ทำให้ผิวหน้าเบาสบาย ตบแป้งครั้งเดียวอยู่ได้ทั้งวัน</p>\r\n		<p align=\"center\">\r\n			☑ หน้าไม่มัน พร้อมบำรุงให้หน้าชุ่มชื้น อย่างมีออร่า</p>\r\n		<p align=\"center\">\r\n			&nbsp;</p>\r\n		<p align=\"center\">\r\n			✨อยากลดขั้นตอนความยุ่งยากในการแต่งหน้า</p>\r\n		<p align=\"center\">\r\n			ใช้ #ลาโมช่า กันแดดเนื้อครีม รับรองคุณจะต้องหลงรัก</p>\r\n		<p>\r\n			ทำไมต้องเป็นครีมกันแดด Lamocha</p>\r\n		<p>\r\n			ครีมกันแดดทาหน้า : เนื้อดีคือสิ่งที่ช่วยปกป้องผิวใบหน้าอันบอบบางจากแสงแดดจ้าได้ ไม่เพียงแต่ทุกวันนี้เราเจอกับแสงแดดจากธรรมชาติทั้งนั้น เรายังต้องเจอกับแสงจากหลอดไฟภายในอาคาร ผิวใบหน้าของเราหากไม่ปกป้องเสียตั้งแต่เนิ่น ๆ ด้วยการครีมกันแดด ก็อาจจะส่งผลเสียให้กับผิวหน้าของเราได้</p>\r\n		<p>\r\n			&nbsp;</p>\r\n		<p>\r\n			ครีมกันแดด Lamocha สูตรมหัสจรรย์เพื่อการบำรุงและปกป้องผิวจากแสงแดด</p>\r\n		<p>\r\n			นอกจากเป็นครีมกันแดดเนื้อสมูท ยังมีสารสกัดบำรุงผิวจากรังไหมสีทองบริสุทธิ์ ข้าวโอ๊ค เห็ดชิตาเกะ และสาหร่ายใต้ท้องทะเลลึก</p>\r\n		<p>\r\n			ปกป้องผิวจากแสงแดดได้ด้วยสาร SPF 50 PA++++ ปกป้องผิวจากแสงแดดได้อย่างยาวนาน</p>\r\n		<p>\r\n			มีวิตามินอี อาหารผิวสุดพรีเมี่ยม ให้อาหารผิวได้ในขณะที่ปกป้องผิวจากแสงแดด</p>\r\n		<p>\r\n			ทาทับเมคอัพได้ในระหว่างวัน ไม่ต้องกลัวหน้าเป็นคราบ เพราะครีมกันแดดกันเหงื่อได้ แถมยังปกปิดได้อย่างยาวนานตลอดวัน</p>\r\n		<p>\r\n			ครีมกันแดดนั้นมีมากมาย แต่ถ้าต้องการครีมกันแดดที่เป็นได้ทั้งครีมบำรุงผิวสุดลึกล้ำด้วยแล้วล่ะก็ ต้องเป็นครีมกันแดด LaMocha เท่านั้นเลย</p>\r\n		<p>\r\n			&nbsp;</p>\r\n		<p>\r\n			ครีมกันแดด Lamocha ดีอย่างไร ?</p>\r\n		<p>\r\n			ผิวหนังของสาวเอเชียเป็นผิวที่ไวต่อแสงแดด ลองสังเกตได้ ถ้าเราออกแดดเพียงไม่กี่นาที ผิวของเราก็คล้ำแดดแล้ว โดยเฉพาะผิวหน้าของเราที่ไวต่อแสงแดด ถ้าไม่อยากให้เกิดปัญหาผิว มีทางเดียวเท่านั้นที่เราจะปกป้องผิวของเราได้ก็คือ ใช้ครีมกันแดดทุกครั้ง และยิ่งดีกว่านั้นหากเราปกป้องผิวด้วยครีมกันแดด Lamocha</p>\r\n		<p>\r\n			&nbsp;</p>\r\n		<p>\r\n			Lamocha เป็นได้มากกว่าครีมกันแดด ทาครั้งเดียวเป็นทั้งครีมบำรุงผิวและครีมกันแดดได้เลย</p>\r\n		<p>\r\n			ออกแดดกี่ครั้งก็ไม่ต้องกลัวหน้าเป็นคราบ กันเหงื่อได้ดีมาก</p>\r\n		<p>\r\n			ครีมกันแดดเติมทับเมคอัพได้เลย ทาทับได้ในระหว่างวัน</p>\r\n		<p>\r\n			เป็นครีมรองพื้นที่ปกปิดได้แนบเนียนสุด ๆ อำพรางรูขุมขนได้เรียบเนียนกริบ</p>\r\n		<p>\r\n			มีประสิทธิภาพทั้งป้องกันแดดและบำรุงผิวได้ในขั้นตอนเดียว</p>\r\n		<p>\r\n			เพื่อการบำรุงผิวสุดลึกล้ำและปกป้องผิวจากแสงแดด Lamocha ครีมกันแดดสารสกัดจากรังไหมสีทองธรรมชาติสุดเข้มข้น สกัดเป็นครีมกันแดดแบบรองพื้นเนื้อสมูท บำรุงผิวและปกป้องผิวได้ในคราวเดียวกัน</p>\r\n		<p>\r\n			&nbsp;</p>\r\n		<p>\r\n			ส่วนประกอบของ LaMocha มีอะไรบ้างนะ ?</p>\r\n		<p>\r\n			ครีมกันแดด LaMocha ครีมกันแดดสุดพรีเมียม สามารถเป็นทั้งครีมบำรุงผิวและครีมกันแดดได้ภายในครั้งเดียว นอกจากจะช่วยป้องกันผิวจากรังสี UVA และ UVB แล้ว ส่วนประกอบของครีมกันแดด LaMocha ก็พรีเมี่ยมไม่แพ้กันค่</p>\r\n		<p>\r\n			&nbsp;</p>\r\n		<p>\r\n			ผนังเซลล์ยีสต์ ช่วยเสริมสร้างผิวให้แข็งแรงมีสุขภาพดี</p>\r\n		<p>\r\n			เห็ดชิตาเกะ ช่วยต้านสารอนุมูลอิสระ ลดการอักเสบของผิวหนัง ชะลอการแพ้</p>\r\n		<p>\r\n			สาหร่ายใต้ท้องทะเลลึก ช่วยควบคุมความมันบนใบหน้า เป็นสารค้านอนุมูลอิสระและมีวิตามินซีที่ดีต่อผิวสุด ๆ</p>\r\n		<p>\r\n			รังไหมสีทองบริสุทธิ์ บำรุงให้ผิวเนียนนุ่ม ขจัดเซลล์ผิวที่ตายแล้ว ผลัดเซลล์ผิวให้กลับมาสวยบลิ๊งมากกว่าเดิม</p>\r\n		<p>\r\n			ข้าวโอ๊ต ข้าวบาร์เล่ต์ ปรับผิวให้ชุ่มชื้น ช่วยดูซับรังสี UVA</p>\r\n		<p>\r\n			อัลฟ่าอาบูติน สารสกัดวิตามินซีจากธรรมชาติ ช่วยให้ผิวขาว กระจ่างใส ทำให้สีผิวคล้ำช้าลง</p>\r\n		<p>\r\n			ทองคำบริสุทธิ์ อุดมด้วยสารต้านอนุมูลอิสระ ลดการอักเสบจากรังสี UV ได้ ลดริ้วรอยได้</p>\r\n		<p>\r\n			ครีมกันแดดทาหน้า LaMocha เนื้อสมูทใช้ง่าย เป็นรองพื้นเนื้อละเอียด ปกป้องผิวจากแสงแดดได้อย่างยาวนาน พร้อมบำรุงผิวได้ตลอดวันเลย</p>\r\n		<p>\r\n			&nbsp;</p>\r\n		<p>\r\n			ประโยชน์ของครีมกันแดด LaMocha</p>\r\n		<p>\r\n			สาว ๆ ที่ไม่อยากมีปัญหาผิวจากการถูกแสงแดดทำร้าย อย่าลืมหาครีมกันแดดเนื้อดีเอาไว้ใช้ก่อนออกจากบ้านด้วยนะคะ เพราะไม่เช่นนั้น ผิวสวยของคุณอาจจะกลายเป็นผิวเสียได้ หากคุณชะล่าใจ และจะมีครีมกันแดดสักกี่ตัวที่นอกจากจะช่วยป้องกันแสงแดดแล้วยังเป็นครีมบำรุงผิวได้ด้วย ลองตามมาดูกันค่ะ</p>\r\n		<p>\r\n			&nbsp;</p>\r\n		<p>\r\n			ครีมกันแดด LaMocha ช่วยต้านทานสารอนุมูลอิสระ ด้วยสารสกัดจากรังไหมสีทองบริสุทธิ์ ทองคำบริสุทธิ์ เห็ดชิตาเกะ และสารหร่ายใต้ท้องทะเลลึก ที่เราสกัดมาไว้ใน LaMocha</p>\r\n		<p>\r\n			ช่วยเติมความชุ่มชื้นให้กับผิวได้ในระหว่างวัน ไม่ต้องกลัวว่าผิวจะแห้งจากสารเคมี เพราะเราคัดเลือกเอาแต่สารสกัดธรรมชาติเท่านั้น</p>\r\n		<p>\r\n			เป็นรองพื้นเนื้อละเอียด ปกปิดอำพรางรูขุมขนและจุดด่างดำได้อย่างเนียนเรียบกริบ แต่ไม่อุดตันรูขุมขนแน่นอน</p>\r\n		<p>\r\n			จะออกแดดระหว่างวัน สามารถเติมทับเมคอัพได้ กันทั้งเหงื่อและคุมความมัน ไม่ทำให้ผิวหน้าเป็นคราบ</p>\r\n		<p>\r\n			สรุป ครีมกันแดดทาหน้า</p>\r\n		<p>\r\n			ดีขนาดนี้ ถ้าไม่ใช้จะพลาดของดีเอานะคะ ยิ่งแดดบ้านเราแรงๆ แบบนี้ ก่อนออกจากบ้าน อย่าทาครีมกันแดด LaMocha ด้วยกันนะคะ</p>\r\n	</li>\r\n	<li style=\"box-sizing: border-box;\">\r\n		5. อำพรางรูขุมขน เบลินผิวให้ดูเรียบเนียนละเอียด มีออร่าตลอดวัน.</li>\r\n</ul>', '<p style=\"box-sizing: border-box; margin-top: 0px; margin-bottom: 1rem; font-size: 15px; padding-top: 10px; color: rgb(33, 37, 41); font-family: Poppins, Prompt, sans-serif;\">\r\n	-</p>', '<p style=\"box-sizing: border-box; margin-top: 0px; margin-bottom: 1rem; font-size: 15px; padding-top: 10px; color: rgb(33, 37, 41); font-family: Poppins, Prompt, sans-serif;\">\r\n	-</p>', '<p style=\"box-sizing: border-box; margin-top: 0px; margin-bottom: 1rem; font-size: 15px; padding-top: 10px; color: rgb(33, 37, 41); font-family: Poppins, Prompt, sans-serif;\">\r\n	-</p>', 1250.00, '2020-10-02 07:29:51', '::1', '2021-11-03 08:26:11', '1.46.17.34');
INSERT INTO `lv_product` (`product_id`, `product_image`, `product_category_name_th`, `product_category_name_en`, `product_category_name_ch`, `product_name_th`, `product_name_en`, `product_name_ch`, `product_code`, `product_description_th`, `product_description_en`, `product_description_ch`, `product_feature_th`, `product_feature_en`, `product_feature_ch`, `product_addition_th`, `product_addition_en`, `product_addition_ch`, `product_price`, `product_datetime_create`, `product_ip_create`, `product_datetime_update`, `product_ip_update`) VALUES
(3, 'serum.png', 'เซรั่ม', 'เซรั่ม', 'เซรั่ม', 'เซรั่ม (LA MOCHA 8 Gold Miracle   Face & Eye serum ) 30 ml', 'เซรั่ม (LA MOCHA 8 Gold Miracle   Face & Eye serum ) 30 ml', 'เซรั่ม (LA MOCHA 8 Gold Miracle   Face & Eye serum ) 30 ml', '003', 'เซรั่ม ลดริ้วรอย  : หากต้องการบำรุงผิวให้มากกว่าครีมบำรุงผิวทั่วไป เราแนะนำให้สาว ๆ เลือกใช้เซรั่มบำรุงผิว เพิ่มประสิทธิภาพการบำรุงผิวได้สุดลึกล้ำถึงระดับเซลล์ผิว อย่างเซรั่ม LaMocha ที่ช่วยให้ผิวทำงานได้อย่างดียิ่งขึ้นกว่าเดิม', 'เซรั่ม ลดริ้วรอย  : หากต้องการบำรุงผิวให้มากกว่าครีมบำรุงผิวทั่วไป เราแนะนำให้สาว ๆ เลือกใช้เซรั่มบำรุงผิว เพิ่มประสิทธิภาพการบำรุงผิวได้สุดลึกล้ำถึงระดับเซลล์ผิว อย่างเซรั่ม LaMocha ที่ช่วยให้ผิวทำงานได้อย่างดียิ่งขึ้นกว่าเดิม', 'เซรั่ม ลดริ้วรอย  : หากต้องการบำรุงผิวให้มากกว่าครีมบำรุงผิวทั่วไป เราแนะนำให้สาว ๆ เลือกใช้เซรั่มบำรุงผิว เพิ่มประสิทธิภาพการบำรุงผิวได้สุดลึกล้ำถึงระดับเซลล์ผิว อย่างเซรั่ม LaMocha ที่ช่วยให้ผิวทำงานได้อย่างดียิ่งขึ้นกว่าเดิม', '<p>\r\n	☑ ใช้บำรุงผิวหน้าและรอบดวงตา</p>\r\n<p>\r\n	☑ สกัดจากธรรมชาติ 100%</p>\r\n<p>\r\n	☑ จึงอ่อนโยนต่อผิวหน้าและดวงตา</p>\r\n<p>\r\n	☑ เห็นผลภายใน 7 วัน</p>\r\n<p>\r\n	☑ ใช้ต่อเนื่อง ยิ่งดูเด็ก หน้ายิ่งใส</p>\r\n<p>\r\n	&nbsp;</p>\r\n<p>\r\n	เซรั่ม ลดริ้วรอย &nbsp;: หากต้องการบำรุงผิวให้มากกว่าครีมบำรุงผิวทั่วไป เราแนะนำให้สาว ๆ เลือกใช้เซรั่มบำรุงผิว เพิ่มประสิทธิภาพการบำรุงผิวได้สุดลึกล้ำถึงระดับเซลล์ผิว อย่างเซรั่ม LaMocha ที่ช่วยให้ผิวทำงานได้อย่างดียิ่งขึ้นกว่าเดิม</p>\r\n<p>\r\n	&nbsp;</p>\r\n<p>\r\n	เซรั่มบำรุงผิว LaMocha ช่วยเติมน้ำให้กับเซลล์ผิว ทำให้ผิวหน้าไม่แห้งกร้าน ผิวเต่งตึง อุดมไปด้วยความชุ่มชื้น</p>\r\n<p>\r\n	ลดเลือนริ้วรอยแห่งวัย และช่วยทำให้ผิวมีความเรียบเนียน ลดอายุ เพิ่มการน่าสัมผัส</p>\r\n<p>\r\n	กระตุ้นการผลัดเซลล์ผิว โดยไม่ทำให้ผิวเกิดอาการระคายเคือง</p>\r\n<p>\r\n	ช่วยปรับสีผิวให้มีความกระจ่างใสอย่างเป็นธรรมชาติ ปรับสภาพให้เซลล์ผิวมีความอ่อนโยนมากยิ่งขึ้น</p>\r\n<p>\r\n	ลดการอักเสบของผิว มีสารต้านอนุมูลอิสระ ทำให้ผิวคงความอ่อนเยาว์</p>\r\n<p>\r\n	ลดการอุดตัน ช่วยทำให้ผิวแข็งแรง และยังช่วยลดจุดด่างดำได้</p>\r\n<p>\r\n	ถ้าต้องการอาหารผิวที่ช่วยบำรุงผิวหน้าได้ลึกล้ำ แนะนำเซรั่ม LaMocha เซรั่มสกัดจากสารธรรมชาติ เป็นอาหารผิว เมื่อใช้แล้วสามารถแทรกซึมลงบนผิวหน้า ใช้งานง่าย ใช้ควบคู่กับครีมบำรุงผิวที่ใช้อยู่ประจำได้เลย</p>\r\n<p>\r\n	&nbsp;</p>\r\n<p>\r\n	ส่วนประกอบจากสารสกัดสีทอง จากธรรมชาติถึง 8 ชนิด</p>\r\n<p>\r\n	การดูแลผิวหน้า</p>\r\n<p>\r\n	&nbsp;</p>\r\n<p>\r\n	1. รังไหมสีทองไหม(HYDROLYZED SILK)</p>\r\n<p>\r\n	เป็นโปรตีนที่สกัดได้จาก รังไหม ประกอบไปด้วย กรดอะมิโน 18 ชนิด มีคุณสมบัติกักเก็บความชุ่มชื้นได้ดี จึงสามารถป้องกันการสูญเสียน้ำ ของผิว อีกทั้งยัง ลดเลือน ริ้วรอย และ เพิ่มความเรียบเนียนให้แก่ผิว</p>\r\n<p>\r\n	&nbsp;</p>\r\n<p>\r\n	2. เอนไซม์จากการหมักน้ำผึ้ง (FERMENTED HONEY)</p>\r\n<p>\r\n	สารสกัดจากการ หมักน้ำผึ้ง ด้วยเอ็นไซม์จากดอกพืช ได้เป็นสาร Gluconic Acid หรือ กรดน้ำผึ้ง ซึ่งมีประสิทธิภาพสูงในการ กระตุ้นการผลัดเซลล์ผิวโดยไม่ก่อให้เกิดการระคายเคือง ปรับสีผิวให้กระจ่างใสขึ้นอย่างอ่อนโยน และ เพิ่มความชุ่มชื่นให้กับผิว</p>\r\n<p>\r\n	&nbsp;</p>\r\n<p>\r\n	3. โสมอินเดีย (ASHLEX BG)</p>\r\n<p>\r\n	สารสกัดจาก โสมอินเดีย ช่วยกระตุ้นการทำงานของเซลล์ให้มีประสิทธิภาพมากขึ้น ช่วยลดอาการอักเสบ และ ต้านอนุมูลอิสระช่วยให้ ผิวคงความสดใส</p>\r\n<p>\r\n	&nbsp;</p>\r\n<p>\r\n	4. ดอกดาวเรือง (CALENDULA EXTRACT)</p>\r\n<p>\r\n	มีคุณสมบัติให้ความชุ่มชื้น ลดการอักเสบระคายเคือง รักษาผิวแพ้ง่าย และ ชะลออายุของผิว ทั้งยังช่วยป้องกันอนุมูลอิสระ ลดการอุดตัน และ ลดรอยแดงจากสิว ช่วยให้ผิวแข็งแรง</p>\r\n<p>\r\n	&nbsp;</p>\r\n<p>\r\n	5. ขมิ้น (CURCUMIONIDS)</p>\r\n<p>\r\n	ช่วยลดสิวอักเสบ ลดเรือนริ้วรอย เสริมสร้างเซลล์ผิวให้แข็งแรง ลดการสะสมของสารอนุมูลอิสระ ขมิ้นชันมีส่วนผสมของเคอร์คูมินอยด์ และวิตามินอีสูง ลดอาการระคายเคือง และ อาการอักเสบของผิวให้ลดลง</p>\r\n<p>\r\n	&nbsp;</p>\r\n<p>\r\n	6. ทองคำบริสุทธิ์อนุภาคนาโน(GOLD PEPTIDE)</p>\r\n<p>\r\n	สารสกัดจาก ทองคำบริสุทธิ์ ที่มีอนุภาคขนาดเล็กและมีความสามารถในการ บำรุงผิวได้อย่างล้ำลึก โดยมีความสามารถในการต้านอนุมูลอิสระ ทำให้ผิวคุณดู นุ่มลื่นน่าสัมผัส และต่อต้านริ้วรอยต่างๆ ที่เป็นปัญหากวนใจ ของสาวๆ ที่เริ่มมีริ้วรอย</p>\r\n<p>\r\n	&nbsp;</p>\r\n<p>\r\n	7. สารสกัดจากดอก (LUMINESCENCE FLOWER)</p>\r\n<p>\r\n	สารสกัดจากดอก Verbascum Thapsus เป็น อนุภาคไมโครสะท้อนให้เห็นประกายรังสีสีฟ้าและให้ ความกระจ่างใส กับผิวหน้า มีคุณสมบัติช่วยกระจายแสงให้ ผิวดูเรียบเนียน เปล่งปลั่ง</p>\r\n<p>\r\n	&nbsp;</p>\r\n<p>\r\n	8. WITCH HAZEL</p>\r\n<p>\r\n	ช่วยบำรุงให้ผิวชุ่มชื้น อีกทั้งยังช่วยกระตุ้นการสร้าง Elastin และ Collagen ทำให้ ผิวเนียนนุ่ม กระชับรูขุมขน สามารถปกป้องผิวจากมลภาวะต่างๆ และช่วยลดการเกิดสิว</p>\r\n<p>\r\n	&nbsp;</p>\r\n<p>\r\n	AMC(Advance Moisture Complex) ที่ทำหน้าที่ผิวแลดูอ่อนเยาว์ กระจ่างใส ให้ความชุ่มชื่นยาวนานถึง 72 ชั่วโมง</p>\r\n<p>\r\n	ดอก Indian gentian leaves ปกป้องผิวจากมลภาวะ และแสงสีฟ้า SWT-7 TM และฟื้นบำรุงผิว ลดเลือนริ้วรอยอย่างเห็นผลชัดเจน สัมผัสได้ถึงริ้วรอยแลดูตื้นขึ้น เผยผิวเรียบเนียน ภายใน 7 วัน ทำให้ผิวแลอ่อนเยาว์</p>\r\n<p>\r\n	ได้รับรางวัลการันตรี ใน งาน In-Cosmetics สาขา Innovation Zone Best Ingredient Awards 2015</p>\r\n<p>\r\n	ปราศจากน้ำหอม ไร้สารอันตราย จึงมั่นใจได้ว่าปลอดภัยอ่อนโยน</p>\r\n<p>\r\n	เหมาะทุกสภาพผิว เซรั่มสามารถได้ทั่วใบหน้าและใต้ตาได้อีกด้วย</p>\r\n<p>\r\n	มี GO-VC จากประเทศญี่ปุ่นช่วยให้ปรับสภาพผิวให้แลดูขาวกระจ่างใส ลดเลือนฝ้ากระแลดูจางลง สัมผัสผิวที่แข็งแรงขึ้น แลดูสุขภาพดี เมื่อใช้ต่อเนื่องเป็นประจำ</p>\r\n<p>\r\n	ประโยชน์ของเซรั่ม LaMocha เพื่อการบำรุงผิวสุดลึกล้ำ</p>\r\n<p>\r\n	ครีมลดริ้วรอย : หากผิวหน้าของคุณต้องพบเจอกับปัญหาผิวมากมาย ไม่ว่าจะเป็นความแห้งกร้าน คล้ำเสีย ริ้วรอย จุดด่างดำ สิว หรือรอยสิว สิ่งที่จะช่วยขจัดปัญหาได้อย่างเร่งด่วนก็คือ เซรั่ม ซึ่งควรใช้ควบคู่กับครีมบำรุงผิว จะช่วยทำให้ผิวกลับมามีสุขภาพดีได้แบบเร่งด่วน</p>\r\n<p>\r\n	&nbsp;</p>\r\n<p>\r\n	เซรั่มสกัดจากธรรมชาติ อุดมด้วยสารต้านอนุมูลอิสระ ช่วยปกป้องผิวจากมลพิษ และแสงสีฟ้าที่มาจากคอมพิวเตอร์หรืออุปกรณ์อิเล็กทรอนิกส์ต่าง ๆ</p>\r\n<p>\r\n	ช่วยทำให้ผิวขาวกระจ่างใส เรียบเนียน มีสุขภาพดีขึ้นได้แบบเร่งด่วนภายใน 7 วัน</p>\r\n<p>\r\n	ใช้ได้กับทุกสภาพผิว เป็นทั้งเซรั่มบำรุงผิวหน้าและเซรั่มลดเรือริ้วรอยและป้องกันผิวใต้ดวงตาได้อีกด้วย</p>\r\n<p>\r\n	มีความอ่อนโยน ไม่อันตราย และปราศจากน้ำหอม ไม่มีสารที่ทำให้ผิวเกิดการแพ้หรือระคายเคือง</p>\r\n<p>\r\n	ครีมลดริ้วรอย : นอกจากนี้ เซรั่ม LaMocha การันตีแล้วว่าดีต่อผิว เพราะได้รับรางวัล จากงาน In-Cosmetics สาขา Innovation Zone Best Ingredient Awards 2015 มั่นใจได้ว่าปลอดภัยต่อผิวสุด ๆ อาหารดีสำหรับผิว แม้แต่ผู้ที่แพ้ง่ายก็ยังใช้ได้ ดีขนาดนี้ รีบมาพิสูจน์ด้วยตัวคุณเองกันนะคะ</p>\r\n<p>\r\n	&nbsp;</p>', '<p>\r\n	☑ ใช้บำรุงผิวหน้าและรอบดวงตา</p>\r\n<p>\r\n	☑ สกัดจากธรรมชาติ 100%</p>\r\n<p>\r\n	☑ จึงอ่อนโยนต่อผิวหน้าและดวงตา</p>\r\n<p>\r\n	☑ เห็นผลภายใน 7 วัน</p>\r\n<p>\r\n	☑ ใช้ต่อเนื่อง ยิ่งดูเด็ก หน้ายิ่งใส</p>\r\n<p>\r\n	&nbsp;</p>\r\n<p>\r\n	เซรั่ม ลดริ้วรอย &nbsp;: หากต้องการบำรุงผิวให้มากกว่าครีมบำรุงผิวทั่วไป เราแนะนำให้สาว ๆ เลือกใช้เซรั่มบำรุงผิว เพิ่มประสิทธิภาพการบำรุงผิวได้สุดลึกล้ำถึงระดับเซลล์ผิว อย่างเซรั่ม LaMocha ที่ช่วยให้ผิวทำงานได้อย่างดียิ่งขึ้นกว่าเดิม</p>\r\n<p>\r\n	&nbsp;</p>\r\n<p>\r\n	เซรั่มบำรุงผิว LaMocha ช่วยเติมน้ำให้กับเซลล์ผิว ทำให้ผิวหน้าไม่แห้งกร้าน ผิวเต่งตึง อุดมไปด้วยความชุ่มชื้น</p>\r\n<p>\r\n	ลดเลือนริ้วรอยแห่งวัย และช่วยทำให้ผิวมีความเรียบเนียน ลดอายุ เพิ่มการน่าสัมผัส</p>\r\n<p>\r\n	กระตุ้นการผลัดเซลล์ผิว โดยไม่ทำให้ผิวเกิดอาการระคายเคือง</p>\r\n<p>\r\n	ช่วยปรับสีผิวให้มีความกระจ่างใสอย่างเป็นธรรมชาติ ปรับสภาพให้เซลล์ผิวมีความอ่อนโยนมากยิ่งขึ้น</p>\r\n<p>\r\n	ลดการอักเสบของผิว มีสารต้านอนุมูลอิสระ ทำให้ผิวคงความอ่อนเยาว์</p>\r\n<p>\r\n	ลดการอุดตัน ช่วยทำให้ผิวแข็งแรง และยังช่วยลดจุดด่างดำได้</p>\r\n<p>\r\n	ถ้าต้องการอาหารผิวที่ช่วยบำรุงผิวหน้าได้ลึกล้ำ แนะนำเซรั่ม LaMocha เซรั่มสกัดจากสารธรรมชาติ เป็นอาหารผิว เมื่อใช้แล้วสามารถแทรกซึมลงบนผิวหน้า ใช้งานง่าย ใช้ควบคู่กับครีมบำรุงผิวที่ใช้อยู่ประจำได้เลย</p>\r\n<p>\r\n	&nbsp;</p>\r\n<p>\r\n	ส่วนประกอบจากสารสกัดสีทอง จากธรรมชาติถึง 8 ชนิด</p>\r\n<p>\r\n	การดูแลผิวหน้า</p>\r\n<p>\r\n	&nbsp;</p>\r\n<p>\r\n	1. รังไหมสีทองไหม(HYDROLYZED SILK)</p>\r\n<p>\r\n	เป็นโปรตีนที่สกัดได้จาก รังไหม ประกอบไปด้วย กรดอะมิโน 18 ชนิด มีคุณสมบัติกักเก็บความชุ่มชื้นได้ดี จึงสามารถป้องกันการสูญเสียน้ำ ของผิว อีกทั้งยัง ลดเลือน ริ้วรอย และ เพิ่มความเรียบเนียนให้แก่ผิว</p>\r\n<p>\r\n	&nbsp;</p>\r\n<p>\r\n	2. เอนไซม์จากการหมักน้ำผึ้ง (FERMENTED HONEY)</p>\r\n<p>\r\n	สารสกัดจากการ หมักน้ำผึ้ง ด้วยเอ็นไซม์จากดอกพืช ได้เป็นสาร Gluconic Acid หรือ กรดน้ำผึ้ง ซึ่งมีประสิทธิภาพสูงในการ กระตุ้นการผลัดเซลล์ผิวโดยไม่ก่อให้เกิดการระคายเคือง ปรับสีผิวให้กระจ่างใสขึ้นอย่างอ่อนโยน และ เพิ่มความชุ่มชื่นให้กับผิว</p>\r\n<p>\r\n	&nbsp;</p>\r\n<p>\r\n	3. โสมอินเดีย (ASHLEX BG)</p>\r\n<p>\r\n	สารสกัดจาก โสมอินเดีย ช่วยกระตุ้นการทำงานของเซลล์ให้มีประสิทธิภาพมากขึ้น ช่วยลดอาการอักเสบ และ ต้านอนุมูลอิสระช่วยให้ ผิวคงความสดใส</p>\r\n<p>\r\n	&nbsp;</p>\r\n<p>\r\n	4. ดอกดาวเรือง (CALENDULA EXTRACT)</p>\r\n<p>\r\n	มีคุณสมบัติให้ความชุ่มชื้น ลดการอักเสบระคายเคือง รักษาผิวแพ้ง่าย และ ชะลออายุของผิว ทั้งยังช่วยป้องกันอนุมูลอิสระ ลดการอุดตัน และ ลดรอยแดงจากสิว ช่วยให้ผิวแข็งแรง</p>\r\n<p>\r\n	&nbsp;</p>\r\n<p>\r\n	5. ขมิ้น (CURCUMIONIDS)</p>\r\n<p>\r\n	ช่วยลดสิวอักเสบ ลดเรือนริ้วรอย เสริมสร้างเซลล์ผิวให้แข็งแรง ลดการสะสมของสารอนุมูลอิสระ ขมิ้นชันมีส่วนผสมของเคอร์คูมินอยด์ และวิตามินอีสูง ลดอาการระคายเคือง และ อาการอักเสบของผิวให้ลดลง</p>\r\n<p>\r\n	&nbsp;</p>\r\n<p>\r\n	6. ทองคำบริสุทธิ์อนุภาคนาโน(GOLD PEPTIDE)</p>\r\n<p>\r\n	สารสกัดจาก ทองคำบริสุทธิ์ ที่มีอนุภาคขนาดเล็กและมีความสามารถในการ บำรุงผิวได้อย่างล้ำลึก โดยมีความสามารถในการต้านอนุมูลอิสระ ทำให้ผิวคุณดู นุ่มลื่นน่าสัมผัส และต่อต้านริ้วรอยต่างๆ ที่เป็นปัญหากวนใจ ของสาวๆ ที่เริ่มมีริ้วรอย</p>\r\n<p>\r\n	&nbsp;</p>\r\n<p>\r\n	7. สารสกัดจากดอก (LUMINESCENCE FLOWER)</p>\r\n<p>\r\n	สารสกัดจากดอก Verbascum Thapsus เป็น อนุภาคไมโครสะท้อนให้เห็นประกายรังสีสีฟ้าและให้ ความกระจ่างใส กับผิวหน้า มีคุณสมบัติช่วยกระจายแสงให้ ผิวดูเรียบเนียน เปล่งปลั่ง</p>\r\n<p>\r\n	&nbsp;</p>\r\n<p>\r\n	8. WITCH HAZEL</p>\r\n<p>\r\n	ช่วยบำรุงให้ผิวชุ่มชื้น อีกทั้งยังช่วยกระตุ้นการสร้าง Elastin และ Collagen ทำให้ ผิวเนียนนุ่ม กระชับรูขุมขน สามารถปกป้องผิวจากมลภาวะต่างๆ และช่วยลดการเกิดสิว</p>\r\n<p>\r\n	&nbsp;</p>\r\n<p>\r\n	AMC(Advance Moisture Complex) ที่ทำหน้าที่ผิวแลดูอ่อนเยาว์ กระจ่างใส ให้ความชุ่มชื่นยาวนานถึง 72 ชั่วโมง</p>\r\n<p>\r\n	ดอก Indian gentian leaves ปกป้องผิวจากมลภาวะ และแสงสีฟ้า SWT-7 TM และฟื้นบำรุงผิว ลดเลือนริ้วรอยอย่างเห็นผลชัดเจน สัมผัสได้ถึงริ้วรอยแลดูตื้นขึ้น เผยผิวเรียบเนียน ภายใน 7 วัน ทำให้ผิวแลอ่อนเยาว์</p>\r\n<p>\r\n	ได้รับรางวัลการันตรี ใน งาน In-Cosmetics สาขา Innovation Zone Best Ingredient Awards 2015</p>\r\n<p>\r\n	ปราศจากน้ำหอม ไร้สารอันตราย จึงมั่นใจได้ว่าปลอดภัยอ่อนโยน</p>\r\n<p>\r\n	เหมาะทุกสภาพผิว เซรั่มสามารถได้ทั่วใบหน้าและใต้ตาได้อีกด้วย</p>\r\n<p>\r\n	มี GO-VC จากประเทศญี่ปุ่นช่วยให้ปรับสภาพผิวให้แลดูขาวกระจ่างใส ลดเลือนฝ้ากระแลดูจางลง สัมผัสผิวที่แข็งแรงขึ้น แลดูสุขภาพดี เมื่อใช้ต่อเนื่องเป็นประจำ</p>\r\n<p>\r\n	ประโยชน์ของเซรั่ม LaMocha เพื่อการบำรุงผิวสุดลึกล้ำ</p>\r\n<p>\r\n	ครีมลดริ้วรอย : หากผิวหน้าของคุณต้องพบเจอกับปัญหาผิวมากมาย ไม่ว่าจะเป็นความแห้งกร้าน คล้ำเสีย ริ้วรอย จุดด่างดำ สิว หรือรอยสิว สิ่งที่จะช่วยขจัดปัญหาได้อย่างเร่งด่วนก็คือ เซรั่ม ซึ่งควรใช้ควบคู่กับครีมบำรุงผิว จะช่วยทำให้ผิวกลับมามีสุขภาพดีได้แบบเร่งด่วน</p>\r\n<p>\r\n	&nbsp;</p>\r\n<p>\r\n	เซรั่มสกัดจากธรรมชาติ อุดมด้วยสารต้านอนุมูลอิสระ ช่วยปกป้องผิวจากมลพิษ และแสงสีฟ้าที่มาจากคอมพิวเตอร์หรืออุปกรณ์อิเล็กทรอนิกส์ต่าง ๆ</p>\r\n<p>\r\n	ช่วยทำให้ผิวขาวกระจ่างใส เรียบเนียน มีสุขภาพดีขึ้นได้แบบเร่งด่วนภายใน 7 วัน</p>\r\n<p>\r\n	ใช้ได้กับทุกสภาพผิว เป็นทั้งเซรั่มบำรุงผิวหน้าและเซรั่มลดเรือริ้วรอยและป้องกันผิวใต้ดวงตาได้อีกด้วย</p>\r\n<p>\r\n	มีความอ่อนโยน ไม่อันตราย และปราศจากน้ำหอม ไม่มีสารที่ทำให้ผิวเกิดการแพ้หรือระคายเคือง</p>\r\n<p>\r\n	ครีมลดริ้วรอย : นอกจากนี้ เซรั่ม LaMocha การันตีแล้วว่าดีต่อผิว เพราะได้รับรางวัล จากงาน In-Cosmetics สาขา Innovation Zone Best Ingredient Awards 2015 มั่นใจได้ว่าปลอดภัยต่อผิวสุด ๆ อาหารดีสำหรับผิว แม้แต่ผู้ที่แพ้ง่ายก็ยังใช้ได้ ดีขนาดนี้ รีบมาพิสูจน์ด้วยตัวคุณเองกันนะคะ</p>\r\n<p>\r\n	&nbsp;</p>', '<p>\r\n	☑ ใช้บำรุงผิวหน้าและรอบดวงตา</p>\r\n<p>\r\n	☑ สกัดจากธรรมชาติ 100%</p>\r\n<p>\r\n	☑ จึงอ่อนโยนต่อผิวหน้าและดวงตา</p>\r\n<p>\r\n	☑ เห็นผลภายใน 7 วัน</p>\r\n<p>\r\n	☑ ใช้ต่อเนื่อง ยิ่งดูเด็ก หน้ายิ่งใส</p>\r\n<p>\r\n	&nbsp;</p>\r\n<p>\r\n	เซรั่ม ลดริ้วรอย &nbsp;: หากต้องการบำรุงผิวให้มากกว่าครีมบำรุงผิวทั่วไป เราแนะนำให้สาว ๆ เลือกใช้เซรั่มบำรุงผิว เพิ่มประสิทธิภาพการบำรุงผิวได้สุดลึกล้ำถึงระดับเซลล์ผิว อย่างเซรั่ม LaMocha ที่ช่วยให้ผิวทำงานได้อย่างดียิ่งขึ้นกว่าเดิม</p>\r\n<p>\r\n	&nbsp;</p>\r\n<p>\r\n	เซรั่มบำรุงผิว LaMocha ช่วยเติมน้ำให้กับเซลล์ผิว ทำให้ผิวหน้าไม่แห้งกร้าน ผิวเต่งตึง อุดมไปด้วยความชุ่มชื้น</p>\r\n<p>\r\n	ลดเลือนริ้วรอยแห่งวัย และช่วยทำให้ผิวมีความเรียบเนียน ลดอายุ เพิ่มการน่าสัมผัส</p>\r\n<p>\r\n	กระตุ้นการผลัดเซลล์ผิว โดยไม่ทำให้ผิวเกิดอาการระคายเคือง</p>\r\n<p>\r\n	ช่วยปรับสีผิวให้มีความกระจ่างใสอย่างเป็นธรรมชาติ ปรับสภาพให้เซลล์ผิวมีความอ่อนโยนมากยิ่งขึ้น</p>\r\n<p>\r\n	ลดการอักเสบของผิว มีสารต้านอนุมูลอิสระ ทำให้ผิวคงความอ่อนเยาว์</p>\r\n<p>\r\n	ลดการอุดตัน ช่วยทำให้ผิวแข็งแรง และยังช่วยลดจุดด่างดำได้</p>\r\n<p>\r\n	ถ้าต้องการอาหารผิวที่ช่วยบำรุงผิวหน้าได้ลึกล้ำ แนะนำเซรั่ม LaMocha เซรั่มสกัดจากสารธรรมชาติ เป็นอาหารผิว เมื่อใช้แล้วสามารถแทรกซึมลงบนผิวหน้า ใช้งานง่าย ใช้ควบคู่กับครีมบำรุงผิวที่ใช้อยู่ประจำได้เลย</p>\r\n<p>\r\n	&nbsp;</p>\r\n<p>\r\n	ส่วนประกอบจากสารสกัดสีทอง จากธรรมชาติถึง 8 ชนิด</p>\r\n<p>\r\n	การดูแลผิวหน้า</p>\r\n<p>\r\n	&nbsp;</p>\r\n<p>\r\n	1. รังไหมสีทองไหม(HYDROLYZED SILK)</p>\r\n<p>\r\n	เป็นโปรตีนที่สกัดได้จาก รังไหม ประกอบไปด้วย กรดอะมิโน 18 ชนิด มีคุณสมบัติกักเก็บความชุ่มชื้นได้ดี จึงสามารถป้องกันการสูญเสียน้ำ ของผิว อีกทั้งยัง ลดเลือน ริ้วรอย และ เพิ่มความเรียบเนียนให้แก่ผิว</p>\r\n<p>\r\n	&nbsp;</p>\r\n<p>\r\n	2. เอนไซม์จากการหมักน้ำผึ้ง (FERMENTED HONEY)</p>\r\n<p>\r\n	สารสกัดจากการ หมักน้ำผึ้ง ด้วยเอ็นไซม์จากดอกพืช ได้เป็นสาร Gluconic Acid หรือ กรดน้ำผึ้ง ซึ่งมีประสิทธิภาพสูงในการ กระตุ้นการผลัดเซลล์ผิวโดยไม่ก่อให้เกิดการระคายเคือง ปรับสีผิวให้กระจ่างใสขึ้นอย่างอ่อนโยน และ เพิ่มความชุ่มชื่นให้กับผิว</p>\r\n<p>\r\n	&nbsp;</p>\r\n<p>\r\n	3. โสมอินเดีย (ASHLEX BG)</p>\r\n<p>\r\n	สารสกัดจาก โสมอินเดีย ช่วยกระตุ้นการทำงานของเซลล์ให้มีประสิทธิภาพมากขึ้น ช่วยลดอาการอักเสบ และ ต้านอนุมูลอิสระช่วยให้ ผิวคงความสดใส</p>\r\n<p>\r\n	&nbsp;</p>\r\n<p>\r\n	4. ดอกดาวเรือง (CALENDULA EXTRACT)</p>\r\n<p>\r\n	มีคุณสมบัติให้ความชุ่มชื้น ลดการอักเสบระคายเคือง รักษาผิวแพ้ง่าย และ ชะลออายุของผิว ทั้งยังช่วยป้องกันอนุมูลอิสระ ลดการอุดตัน และ ลดรอยแดงจากสิว ช่วยให้ผิวแข็งแรง</p>\r\n<p>\r\n	&nbsp;</p>\r\n<p>\r\n	5. ขมิ้น (CURCUMIONIDS)</p>\r\n<p>\r\n	ช่วยลดสิวอักเสบ ลดเรือนริ้วรอย เสริมสร้างเซลล์ผิวให้แข็งแรง ลดการสะสมของสารอนุมูลอิสระ ขมิ้นชันมีส่วนผสมของเคอร์คูมินอยด์ และวิตามินอีสูง ลดอาการระคายเคือง และ อาการอักเสบของผิวให้ลดลง</p>\r\n<p>\r\n	&nbsp;</p>\r\n<p>\r\n	6. ทองคำบริสุทธิ์อนุภาคนาโน(GOLD PEPTIDE)</p>\r\n<p>\r\n	สารสกัดจาก ทองคำบริสุทธิ์ ที่มีอนุภาคขนาดเล็กและมีความสามารถในการ บำรุงผิวได้อย่างล้ำลึก โดยมีความสามารถในการต้านอนุมูลอิสระ ทำให้ผิวคุณดู นุ่มลื่นน่าสัมผัส และต่อต้านริ้วรอยต่างๆ ที่เป็นปัญหากวนใจ ของสาวๆ ที่เริ่มมีริ้วรอย</p>\r\n<p>\r\n	&nbsp;</p>\r\n<p>\r\n	7. สารสกัดจากดอก (LUMINESCENCE FLOWER)</p>\r\n<p>\r\n	สารสกัดจากดอก Verbascum Thapsus เป็น อนุภาคไมโครสะท้อนให้เห็นประกายรังสีสีฟ้าและให้ ความกระจ่างใส กับผิวหน้า มีคุณสมบัติช่วยกระจายแสงให้ ผิวดูเรียบเนียน เปล่งปลั่ง</p>\r\n<p>\r\n	&nbsp;</p>\r\n<p>\r\n	8. WITCH HAZEL</p>\r\n<p>\r\n	ช่วยบำรุงให้ผิวชุ่มชื้น อีกทั้งยังช่วยกระตุ้นการสร้าง Elastin และ Collagen ทำให้ ผิวเนียนนุ่ม กระชับรูขุมขน สามารถปกป้องผิวจากมลภาวะต่างๆ และช่วยลดการเกิดสิว</p>\r\n<p>\r\n	&nbsp;</p>\r\n<p>\r\n	AMC(Advance Moisture Complex) ที่ทำหน้าที่ผิวแลดูอ่อนเยาว์ กระจ่างใส ให้ความชุ่มชื่นยาวนานถึง 72 ชั่วโมง</p>\r\n<p>\r\n	ดอก Indian gentian leaves ปกป้องผิวจากมลภาวะ และแสงสีฟ้า SWT-7 TM และฟื้นบำรุงผิว ลดเลือนริ้วรอยอย่างเห็นผลชัดเจน สัมผัสได้ถึงริ้วรอยแลดูตื้นขึ้น เผยผิวเรียบเนียน ภายใน 7 วัน ทำให้ผิวแลอ่อนเยาว์</p>\r\n<p>\r\n	ได้รับรางวัลการันตรี ใน งาน In-Cosmetics สาขา Innovation Zone Best Ingredient Awards 2015</p>\r\n<p>\r\n	ปราศจากน้ำหอม ไร้สารอันตราย จึงมั่นใจได้ว่าปลอดภัยอ่อนโยน</p>\r\n<p>\r\n	เหมาะทุกสภาพผิว เซรั่มสามารถได้ทั่วใบหน้าและใต้ตาได้อีกด้วย</p>\r\n<p>\r\n	มี GO-VC จากประเทศญี่ปุ่นช่วยให้ปรับสภาพผิวให้แลดูขาวกระจ่างใส ลดเลือนฝ้ากระแลดูจางลง สัมผัสผิวที่แข็งแรงขึ้น แลดูสุขภาพดี เมื่อใช้ต่อเนื่องเป็นประจำ</p>\r\n<p>\r\n	ประโยชน์ของเซรั่ม LaMocha เพื่อการบำรุงผิวสุดลึกล้ำ</p>\r\n<p>\r\n	ครีมลดริ้วรอย : หากผิวหน้าของคุณต้องพบเจอกับปัญหาผิวมากมาย ไม่ว่าจะเป็นความแห้งกร้าน คล้ำเสีย ริ้วรอย จุดด่างดำ สิว หรือรอยสิว สิ่งที่จะช่วยขจัดปัญหาได้อย่างเร่งด่วนก็คือ เซรั่ม ซึ่งควรใช้ควบคู่กับครีมบำรุงผิว จะช่วยทำให้ผิวกลับมามีสุขภาพดีได้แบบเร่งด่วน</p>\r\n<p>\r\n	&nbsp;</p>\r\n<p>\r\n	เซรั่มสกัดจากธรรมชาติ อุดมด้วยสารต้านอนุมูลอิสระ ช่วยปกป้องผิวจากมลพิษ และแสงสีฟ้าที่มาจากคอมพิวเตอร์หรืออุปกรณ์อิเล็กทรอนิกส์ต่าง ๆ</p>\r\n<p>\r\n	ช่วยทำให้ผิวขาวกระจ่างใส เรียบเนียน มีสุขภาพดีขึ้นได้แบบเร่งด่วนภายใน 7 วัน</p>\r\n<p>\r\n	ใช้ได้กับทุกสภาพผิว เป็นทั้งเซรั่มบำรุงผิวหน้าและเซรั่มลดเรือริ้วรอยและป้องกันผิวใต้ดวงตาได้อีกด้วย</p>\r\n<p>\r\n	มีความอ่อนโยน ไม่อันตราย และปราศจากน้ำหอม ไม่มีสารที่ทำให้ผิวเกิดการแพ้หรือระคายเคือง</p>\r\n<p>\r\n	ครีมลดริ้วรอย : นอกจากนี้ เซรั่ม LaMocha การันตีแล้วว่าดีต่อผิว เพราะได้รับรางวัล จากงาน In-Cosmetics สาขา Innovation Zone Best Ingredient Awards 2015 มั่นใจได้ว่าปลอดภัยต่อผิวสุด ๆ อาหารดีสำหรับผิว แม้แต่ผู้ที่แพ้ง่ายก็ยังใช้ได้ ดีขนาดนี้ รีบมาพิสูจน์ด้วยตัวคุณเองกันนะคะ</p>\r\n<p>\r\n	&nbsp;</p>', '<p>\r\n	<span courier=\"\" lucida=\"\" style=\"font-family: Consolas, \" white-space:=\"\">- </span></p>', '<p>\r\n	<span courier=\"\" lucida=\"\" style=\"font-family: Consolas, \" white-space:=\"\">- </span></p>', '<p>\r\n	<span courier=\"\" lucida=\"\" style=\"font-family: Consolas, \" white-space:=\"\">- </span></p>', 1590.00, '2020-10-20 04:29:32', '124.120.117.45', '2021-11-03 08:26:38', '1.46.17.34'),
(4, 'ampull.png', 'แอมพูล', 'แอมพูล', 'แอมพูล', 'แอมพูล ( LA MOCHA Premium light & Bright Skin Ampoule ) 15 ml', 'แอมพูล ( LA MOCHA Premium light & Bright Skin Ampoule ) 15 ml', 'แอมพูล ( LA MOCHA Premium light & Bright Skin Ampoule ) 15 ml', '004', '-', '-', '-', '<p>\r\n	คุณสมบัติ :-</p>\r\n<p>\r\n	??สารบำรุงประสิทธิภาพสูง</p>\r\n<p>\r\n	??เข้มข้นมากกว่า เซรั่ม และ เอสเซ้นซ์ ธรรมดาทั่วไป</p>\r\n<p>\r\n	??สามารถฟื้นฟูผิวได้แบบรวดเร็ว หากสภาพผิวอ่อนล้า หรือ พังมา ที่ต้องการการดูแลในฉบับเร่งด่วน ซึ่ง Ampoule ที่มีความพรีเมียมประสิทธิภาพสูง</p>\r\n<p>\r\n	เราควรเลือกใช้แบบด่วนๆ และที่สำคัญ Ampoule คือสูตรลับ จาก LA MOCHA เน้นธรรมชาติ ผสมผสานนวัตกรรมขั้นล้ำ ที่พลังฟื้นฟู แบบเต็มที่</p>\r\n<p>\r\n	??สามารถผสมลงในผลิตภัณฑ์ดูแลผิวได้ทุกชนิด เช่น หยดลงใน เซรั่ม ครีมบำรุง โฟมล้างหน้า เป็นต้น</p>\r\n<p>\r\n	&nbsp;</p>\r\n<p>\r\n	น่าใช้มากๆเลยหล่ะค่ะ ห้ามพลาด!!!!</p>\r\n<p>\r\n	&nbsp;</p>\r\n<p>\r\n	ขนาด 15 ml</p>\r\n<p>\r\n	&nbsp;</p>', '<p>\r\n	คุณสมบัติ :-</p>\r\n<p>\r\n	??สารบำรุงประสิทธิภาพสูง</p>\r\n<p>\r\n	??เข้มข้นมากกว่า เซรั่ม และ เอสเซ้นซ์ ธรรมดาทั่วไป</p>\r\n<p>\r\n	??สามารถฟื้นฟูผิวได้แบบรวดเร็ว หากสภาพผิวอ่อนล้า หรือ พังมา ที่ต้องการการดูแลในฉบับเร่งด่วน ซึ่ง Ampoule ที่มีความพรีเมียมประสิทธิภาพสูง</p>\r\n<p>\r\n	เราควรเลือกใช้แบบด่วนๆ และที่สำคัญ Ampoule คือสูตรลับ จาก LA MOCHA เน้นธรรมชาติ ผสมผสานนวัตกรรมขั้นล้ำ ที่พลังฟื้นฟู แบบเต็มที่</p>\r\n<p>\r\n	??สามารถผสมลงในผลิตภัณฑ์ดูแลผิวได้ทุกชนิด เช่น หยดลงใน เซรั่ม ครีมบำรุง โฟมล้างหน้า เป็นต้น</p>\r\n<p>\r\n	&nbsp;</p>\r\n<p>\r\n	น่าใช้มากๆเลยหล่ะค่ะ ห้ามพลาด!!!!</p>\r\n<p>\r\n	&nbsp;</p>\r\n<p>\r\n	ขนาด 15 ml</p>\r\n<p>\r\n	&nbsp;</p>', '<p>\r\n	คุณสมบัติ :-</p>\r\n<p>\r\n	??สารบำรุงประสิทธิภาพสูง</p>\r\n<p>\r\n	??เข้มข้นมากกว่า เซรั่ม และ เอสเซ้นซ์ ธรรมดาทั่วไป</p>\r\n<p>\r\n	??สามารถฟื้นฟูผิวได้แบบรวดเร็ว หากสภาพผิวอ่อนล้า หรือ พังมา ที่ต้องการการดูแลในฉบับเร่งด่วน ซึ่ง Ampoule ที่มีความพรีเมียมประสิทธิภาพสูง</p>\r\n<p>\r\n	เราควรเลือกใช้แบบด่วนๆ และที่สำคัญ Ampoule คือสูตรลับ จาก LA MOCHA เน้นธรรมชาติ ผสมผสานนวัตกรรมขั้นล้ำ ที่พลังฟื้นฟู แบบเต็มที่</p>\r\n<p>\r\n	??สามารถผสมลงในผลิตภัณฑ์ดูแลผิวได้ทุกชนิด เช่น หยดลงใน เซรั่ม ครีมบำรุง โฟมล้างหน้า เป็นต้น</p>\r\n<p>\r\n	&nbsp;</p>\r\n<p>\r\n	น่าใช้มากๆเลยหล่ะค่ะ ห้ามพลาด!!!!</p>\r\n<p>\r\n	&nbsp;</p>\r\n<p>\r\n	ขนาด 15 ml</p>\r\n<p>\r\n	&nbsp;</p>', '<p>\r\n	<span courier=\"\" lucida=\"\" style=\"font-family: Consolas, \" white-space:=\"\">- </span></p>', '<p>\r\n	<span courier=\"\" lucida=\"\" style=\"font-family: Consolas, \" white-space:=\"\">- </span></p>', '<p>\r\n	<span courier=\"\" lucida=\"\" style=\"font-family: Consolas, \" white-space:=\"\">- </span></p>', 799.00, '2020-10-20 04:31:13', '124.120.117.45', '2021-11-03 08:26:52', '1.46.17.34'),
(5, 'cream2.png', 'ครีมบำรุง', 'ครีมบำรุง', 'ครีมบำรุง', 'ครีมบำรุง  ( LA MOCHA MOM & BABY Moisturerizing Mask & Massage Cream ) 30 g', 'ครีมบำรุง  ( LA MOCHA MOM & BABY Moisturerizing Mask & Massage Cream ) 30 g', 'ครีมบำรุง  ( LA MOCHA MOM & BABY Moisturerizing Mask & Massage Cream ) 30 g', '005', 'ครีมบำรุงผิวหน้า สำหรับคุณแม่และลูกน้อย สามารถช่วย ลดการอับเสบระคายเคืองผิว ปกป้องผิวจากมลภาวะจากแสงแดด ( UV,Visible light ) และแสงสีฟ้า (IR) พร้อมทั้งช่วยปรับสภาพผิวให้ค่อยๆกระจ่างใสอย่างเป็นธรรมชาติ และบำรุงผิวหน้า ให้มีสุขภาพดี คืนชีวิตชีวาให้กับเซลล์ผิว ลดเลือนริ้วรอย จุดด่างดำ อีกทั้งยังช่วยส่งเสริมการสร้างของคอลลาเจน และ Hyaluronic acid ภายในเซลล์ เพื่อผิวดูเรียบเนียน แน่นกระชับ อิ่มฟู เต่งตึง และดูชุ่มชื้นมากขึ้น', 'ครีมบำรุงผิวหน้า สำหรับคุณแม่และลูกน้อย สามารถช่วย ลดการอับเสบระคายเคืองผิว ปกป้องผิวจากมลภาวะจากแสงแดด ( UV,Visible light ) และแสงสีฟ้า (IR) พร้อมทั้งช่วยปรับสภาพผิวให้ค่อยๆกระจ่างใสอย่างเป็นธรรมชาติ และบำรุงผิวหน้า ให้มีสุขภาพดี คืนชีวิตชีวาให้กับเซลล์ผิว ลดเลือนริ้วรอย จุดด่างดำ อีกทั้งยังช่วยส่งเสริมการสร้างของคอลลาเจน และ Hyaluronic acid ภายในเซลล์ เพื่อผิวดูเรียบเนียน แน่นกระชับ อิ่มฟู เต่งตึง และดูชุ่มชื้นมากขึ้น', 'ครีมบำรุงผิวหน้า สำหรับคุณแม่และลูกน้อย สามารถช่วย ลดการอับเสบระคายเคืองผิว ปกป้องผิวจากมลภาวะจากแสงแดด ( UV,Visible light ) และแสงสีฟ้า (IR) พร้อมทั้งช่วยปรับสภาพผิวให้ค่อยๆกระจ่างใสอย่างเป็นธรรมชาติ และบำรุงผิวหน้า ให้มีสุขภาพดี คืนชีวิตชีวาให้กับเซลล์ผิว ลดเลือนริ้วรอย จุดด่างดำ อีกทั้งยังช่วยส่งเสริมการสร้างของคอลลาเจน และ Hyaluronic acid ภายในเซลล์ เพื่อผิวดูเรียบเนียน แน่นกระชับ อิ่มฟู เต่งตึง และดูชุ่มชื้นมากขึ้น', '<p>\r\n	ครีมบำรุงผิวหน้า : สูตรอ่อนโยน ที่เป็นนวัตกรรมแห่งความผ่อนคลาย และ ปลอบปะโลมผิวหน้า ช่วยเพิ่มควำมชุ่มชื้นให้แก่ผิว ลดการสูญเสียน้ำของผิว</p>\r\n<p>\r\n	ครีมบำรุงผิวหน้า สำหรับคุณแม่และลูกน้อย สามารถช่วย ลดการอับเสบระคายเคืองผิว ปกป้องผิวจากมลภาวะจากแสงแดด ( UV,Visible light ) และแสงสีฟ้า (IR) พร้อมทั้งช่วยปรับสภาพผิวให้ค่อยๆกระจ่างใสอย่างเป็นธรรมชาติ และบำรุงผิวหน้า ให้มีสุขภาพดี คืนชีวิตชีวาให้กับเซลล์ผิว ลดเลือนริ้วรอย จุดด่างดำ อีกทั้งยังช่วยส่งเสริมการสร้างของคอลลาเจน และ Hyaluronic acid ภายในเซลล์ เพื่อผิวดูเรียบเนียน แน่นกระชับ อิ่มฟู เต่งตึง และดูชุ่มชื้นมากขึ้น</p>\r\n<p>\r\n	&nbsp;</p>\r\n<p>\r\n	ส่วนประกอบ ครีมบำรุงผิวหน้า</p>\r\n<p>\r\n	(Mom &amp; Baby Moisturizing Cream)</p>\r\n<p>\r\n	&nbsp;</p>\r\n<p>\r\n	Allantoin</p>\r\n<p>\r\n	&nbsp;</p>\r\n<p>\r\n	ช่วยลดการระคายเคือง ต่อต้านการแพ้ต่างๆของผิว (Soothing and Anti-Irritanting) และเสริมสร้างการสร้างเนื้อเยื่อ (Granulation tissue) ที่สมบูรณ์ขึ้นมาใหม่ ปลอดภัยและไร้ผลข้างเคียงสามารถใช้ได้แม้ในผลิตภัณฑ์สาหรับเด็กทารก</p>\r\n<p>\r\n	&nbsp;</p>\r\n<p>\r\n	Dipotassium Glycyrrhizate</p>\r\n<p>\r\n	สารสกัดจากชะเอมเทศ ทาหน้าที่ลดการอักเสบ ลดการแพ้ระคายเคือง</p>\r\n<p>\r\n	&nbsp;</p>\r\n<p>\r\n	Vitamin C (Sourc:Japan)</p>\r\n<p>\r\n	เป็นวิตามินซีที่อยู่ในรูป Ester ละลายได้ดีในน้ามัน ไม่มีความเป็นกรดเหมือนวิตามินซีทั่วไปที่ละลายในน้า มีความคงตัว มีประสิทธิภาพในการเป็น Antioxidant และกระตุ้นการสร้าง Collagen ช่วยปรับสภาพผิวให้ค่อยๆขาวขึ้นอย่างเป็นธรรมชาติ</p>\r\n<p>\r\n	&nbsp;</p>\r\n<p>\r\n	Chamomile Extract</p>\r\n<p>\r\n	สารสกัดจากดอกคาร์โมมายด์ชนิดออแกนิค ช่วยปกป้องผิวจากมลภาวะ ช่วยเพิ่มความแข็งแรง เนียนนุ่ม ชุ่มชื่นแก่ผิว ลดการอักเสบระคายเคืองของสิวและผิวพรรณ และลดรอยและแผลเป็น</p>\r\n<p>\r\n	&nbsp;</p>\r\n<p>\r\n	<strong>Jojoba oil</strong></p>\r\n<p>\r\n	oil น้ามันโจโจบามีคุณสมบัติทางเคมีใกล้เคียงกับซีบัม (น้ามันที่ร่างกายผลิตขึ้น) จึงให้ความชุ่มชื่นกับผิวได้อย่างเป็นธรรมชาติ ไม่เหนียวเหนอะ ซึมซาบลงสู่ผิวได้อย่างรวดเร็ว ไม่อุดตันรูขุมขน ไม่ทาให้เกิดการแพ้และระคายเคือง ช่วยป้องกันการสูญเสียน้า ทาให้ผิวเนียนนุ่ม นอกจากนี้ยังอุดมไปด้วยสารโทโคฟีรอล (วิตามินอี) ในปริมาณมาก จึงช่วยต่อต้านอนุมูลอิสระได้อย่างมีประสิทธิภาพ</p>\r\n<p>\r\n	&nbsp;</p>\r\n<p>\r\n	Squalane จัดเป็น Natural Moisturizing Factor เหมาะสาหรับผู้ที่มีปัญหา ผิวแห้งลอก ผิวแห้งหยาบกร้าน รักษาผิวให้เนียนนุ่มนวล ใช้บารุงผิวให้นุ่ม ไม่แห้งเป็นสะเก็ด สามารถนามาใช้เพิ่มประสิทธิภาพของ Moisturizers ในการบารุงผิวที่มีประสิทธิภาพ</p>\r\n<p>\r\n	&nbsp;</p>\r\n<p>\r\n	&nbsp;</p>\r\n<p>\r\n	Hyaluronicc Acid ที่มีมวลโมเลกุลขนาด 1.0 Mda เป็นสารกลุ่มมอยซ์เจอร์ไรเซอร์ช่วยเติมน้าหล่อเลี้ยงและล็อคความชุ่มชื้นใต้ชั้นเซลล์ผิว ช่วยให้ผิวเรียบเนียน เต่งตึง มีความยืดหยุ่น กระชับ แลดูมีชีวิตชีวา ผิวหน้าจึงดูอ่อนเยาว์ มีสุขภาพดี จะช่วยลดริ้วรอยเหี่ยวย่น ริ้วรอยแห่งวัย และความแห้งกร้านที่เกิดจากการขาดการบารุงได้เป็นอย่างดี</p>\r\n<p>\r\n	&nbsp;</p>\r\n<p>\r\n	Serincin (Sourc: Thai)</p>\r\n<p>\r\n	สารสกัดจากรังไหม ที่อุดมไปด้วย Protein Sericinn มีคุณสมบัติพิเศษที่สามารถกักเก็บน้าไว้ได้ดีมาก เพิ่มความชุ่มชื่นให้แก่ผิวพรรณ ช่วยรักษาสมดุลความชุ่มชื่นของผิวหนัง ปกป้องรังสียูวี เพิ่มความกระชับและต้านริ้วรอยรวมทั้งปกป้องผิวจากมลภาวะภายนอก</p>\r\n<p>\r\n	&nbsp;</p>\r\n<p>\r\n	Myrciaria Dubia Fruit Extract (Sourc : France)</p>\r\n<p>\r\n	สารสกัดจากผลคามู -คามูที่ประกอบไปด้วยวิตามินซีและยังมีสารต้านอนุมูลอิสระที่เรียกว่า Polyphenol ในปริมาณสูง ช่วยทาให้ผิวขาวและช่วยให้ผิวดูอ่อนเยาว์</p>\r\n<p>\r\n	&nbsp;</p>\r\n<p>\r\n	Buddleja Officinalis Flower Extract (Sourc : France)</p>\r\n<p>\r\n	&nbsp;</p>\r\n<p>\r\n	สารสกัดธรรมชาติจากดอก Buddleia หรือดอก Butterfly bush ที่อุดมด้วยสารสกัด Verbascoside และ Echinacoside ที่ช่วยปกป้องผิวจากแสงแดด (UV, Visible light) และแสงสีฟ้า (IR )</p>\r\n<p>\r\n	&nbsp;</p>\r\n<p>\r\n	Glycogen (Sourc : Canada)</p>\r\n<p>\r\n	เป็น Glycogen ที่มาจากธรรมชาติ ช่วยกักเก็บความชุ่มชื้น (Humectant) ทั้งยังลดเลือนริ้วรอย จุดด่างดา และทาให้ผิวดูกระจ่างใส นอกจากนี้ยังช่วยส่งเสริมการทางานของคอลลาเจนและ Hyaluronic acid ภายในเซลล์ ทาให้ผิวดูเรียบเนียน แน่นกระชับและดูชุ่มชื้น</p>\r\n<p>\r\n	&nbsp;</p>\r\n<p>\r\n	สรุป</p>\r\n<p>\r\n	ครีมบำรุงผิวหน้า สำหรับคุณแม่และลูกน้อย สามารถช่วย ลดการอับเสบระคายเคืองผิว ปกป้องผิวจากมลภาวะจากแสงแดด ( UV,Visible light ) และแสงสีฟ้า (IR) พร้อมทั้งช่วยปรับสภาพผิวให้ค่อยๆกระจ่างใสอย่างเป็นธรรมชาติ และบำรุงผิวหน้า ให้มีสุขภาพดี คืนชีวิตชีวาให้กับเซลล์ผิว ลดเลือนริ้วรอย จุดด่างดำ อีกทั้งยังช่วยส่งเสริมการสร้างของคอลลาเจน และ Hyaluronic acid ภายในเซลล์ เพื่อผิวดูเรียบเนียน แน่นกระชับ อิ่มฟู เต่งตึง และดูชุ่มชื้นมากขึ้น</p>\r\n<p>\r\n	&nbsp;</p>', '<p>\r\n	ครีมบำรุงผิวหน้า : สูตรอ่อนโยน ที่เป็นนวัตกรรมแห่งความผ่อนคลาย และ ปลอบปะโลมผิวหน้า ช่วยเพิ่มควำมชุ่มชื้นให้แก่ผิว ลดการสูญเสียน้ำของผิว</p>\r\n<p>\r\n	ครีมบำรุงผิวหน้า สำหรับคุณแม่และลูกน้อย สามารถช่วย ลดการอับเสบระคายเคืองผิว ปกป้องผิวจากมลภาวะจากแสงแดด ( UV,Visible light ) และแสงสีฟ้า (IR) พร้อมทั้งช่วยปรับสภาพผิวให้ค่อยๆกระจ่างใสอย่างเป็นธรรมชาติ และบำรุงผิวหน้า ให้มีสุขภาพดี คืนชีวิตชีวาให้กับเซลล์ผิว ลดเลือนริ้วรอย จุดด่างดำ อีกทั้งยังช่วยส่งเสริมการสร้างของคอลลาเจน และ Hyaluronic acid ภายในเซลล์ เพื่อผิวดูเรียบเนียน แน่นกระชับ อิ่มฟู เต่งตึง และดูชุ่มชื้นมากขึ้น</p>\r\n<p>\r\n	&nbsp;</p>\r\n<p>\r\n	ส่วนประกอบ ครีมบำรุงผิวหน้า</p>\r\n<p>\r\n	(Mom &amp; Baby Moisturizing Cream)</p>\r\n<p>\r\n	&nbsp;</p>\r\n<p>\r\n	Allantoin</p>\r\n<p>\r\n	&nbsp;</p>\r\n<p>\r\n	ช่วยลดการระคายเคือง ต่อต้านการแพ้ต่างๆของผิว (Soothing and Anti-Irritanting) และเสริมสร้างการสร้างเนื้อเยื่อ (Granulation tissue) ที่สมบูรณ์ขึ้นมาใหม่ ปลอดภัยและไร้ผลข้างเคียงสามารถใช้ได้แม้ในผลิตภัณฑ์สาหรับเด็กทารก</p>\r\n<p>\r\n	&nbsp;</p>\r\n<p>\r\n	Dipotassium Glycyrrhizate</p>\r\n<p>\r\n	สารสกัดจากชะเอมเทศ ทาหน้าที่ลดการอักเสบ ลดการแพ้ระคายเคือง</p>\r\n<p>\r\n	&nbsp;</p>\r\n<p>\r\n	Vitamin C (Sourc:Japan)</p>\r\n<p>\r\n	เป็นวิตามินซีที่อยู่ในรูป Ester ละลายได้ดีในน้ามัน ไม่มีความเป็นกรดเหมือนวิตามินซีทั่วไปที่ละลายในน้า มีความคงตัว มีประสิทธิภาพในการเป็น Antioxidant และกระตุ้นการสร้าง Collagen ช่วยปรับสภาพผิวให้ค่อยๆขาวขึ้นอย่างเป็นธรรมชาติ</p>\r\n<p>\r\n	&nbsp;</p>\r\n<p>\r\n	Chamomile Extract</p>\r\n<p>\r\n	สารสกัดจากดอกคาร์โมมายด์ชนิดออแกนิค ช่วยปกป้องผิวจากมลภาวะ ช่วยเพิ่มความแข็งแรง เนียนนุ่ม ชุ่มชื่นแก่ผิว ลดการอักเสบระคายเคืองของสิวและผิวพรรณ และลดรอยและแผลเป็น</p>\r\n<p>\r\n	&nbsp;</p>\r\n<p>\r\n	<strong>Jojoba oil</strong></p>\r\n<p>\r\n	oil น้ามันโจโจบามีคุณสมบัติทางเคมีใกล้เคียงกับซีบัม (น้ามันที่ร่างกายผลิตขึ้น) จึงให้ความชุ่มชื่นกับผิวได้อย่างเป็นธรรมชาติ ไม่เหนียวเหนอะ ซึมซาบลงสู่ผิวได้อย่างรวดเร็ว ไม่อุดตันรูขุมขน ไม่ทาให้เกิดการแพ้และระคายเคือง ช่วยป้องกันการสูญเสียน้า ทาให้ผิวเนียนนุ่ม นอกจากนี้ยังอุดมไปด้วยสารโทโคฟีรอล (วิตามินอี) ในปริมาณมาก จึงช่วยต่อต้านอนุมูลอิสระได้อย่างมีประสิทธิภาพ</p>\r\n<p>\r\n	&nbsp;</p>\r\n<p>\r\n	Squalane จัดเป็น Natural Moisturizing Factor เหมาะสาหรับผู้ที่มีปัญหา ผิวแห้งลอก ผิวแห้งหยาบกร้าน รักษาผิวให้เนียนนุ่มนวล ใช้บารุงผิวให้นุ่ม ไม่แห้งเป็นสะเก็ด สามารถนามาใช้เพิ่มประสิทธิภาพของ Moisturizers ในการบารุงผิวที่มีประสิทธิภาพ</p>\r\n<p>\r\n	&nbsp;</p>\r\n<p>\r\n	&nbsp;</p>\r\n<p>\r\n	Hyaluronicc Acid ที่มีมวลโมเลกุลขนาด 1.0 Mda เป็นสารกลุ่มมอยซ์เจอร์ไรเซอร์ช่วยเติมน้าหล่อเลี้ยงและล็อคความชุ่มชื้นใต้ชั้นเซลล์ผิว ช่วยให้ผิวเรียบเนียน เต่งตึง มีความยืดหยุ่น กระชับ แลดูมีชีวิตชีวา ผิวหน้าจึงดูอ่อนเยาว์ มีสุขภาพดี จะช่วยลดริ้วรอยเหี่ยวย่น ริ้วรอยแห่งวัย และความแห้งกร้านที่เกิดจากการขาดการบารุงได้เป็นอย่างดี</p>\r\n<p>\r\n	&nbsp;</p>\r\n<p>\r\n	Serincin (Sourc: Thai)</p>\r\n<p>\r\n	สารสกัดจากรังไหม ที่อุดมไปด้วย Protein Sericinn มีคุณสมบัติพิเศษที่สามารถกักเก็บน้าไว้ได้ดีมาก เพิ่มความชุ่มชื่นให้แก่ผิวพรรณ ช่วยรักษาสมดุลความชุ่มชื่นของผิวหนัง ปกป้องรังสียูวี เพิ่มความกระชับและต้านริ้วรอยรวมทั้งปกป้องผิวจากมลภาวะภายนอก</p>\r\n<p>\r\n	&nbsp;</p>\r\n<p>\r\n	Myrciaria Dubia Fruit Extract (Sourc : France)</p>\r\n<p>\r\n	สารสกัดจากผลคามู -คามูที่ประกอบไปด้วยวิตามินซีและยังมีสารต้านอนุมูลอิสระที่เรียกว่า Polyphenol ในปริมาณสูง ช่วยทาให้ผิวขาวและช่วยให้ผิวดูอ่อนเยาว์</p>\r\n<p>\r\n	&nbsp;</p>\r\n<p>\r\n	Buddleja Officinalis Flower Extract (Sourc : France)</p>\r\n<p>\r\n	&nbsp;</p>\r\n<p>\r\n	สารสกัดธรรมชาติจากดอก Buddleia หรือดอก Butterfly bush ที่อุดมด้วยสารสกัด Verbascoside และ Echinacoside ที่ช่วยปกป้องผิวจากแสงแดด (UV, Visible light) และแสงสีฟ้า (IR )</p>\r\n<p>\r\n	&nbsp;</p>\r\n<p>\r\n	Glycogen (Sourc : Canada)</p>\r\n<p>\r\n	เป็น Glycogen ที่มาจากธรรมชาติ ช่วยกักเก็บความชุ่มชื้น (Humectant) ทั้งยังลดเลือนริ้วรอย จุดด่างดา และทาให้ผิวดูกระจ่างใส นอกจากนี้ยังช่วยส่งเสริมการทางานของคอลลาเจนและ Hyaluronic acid ภายในเซลล์ ทาให้ผิวดูเรียบเนียน แน่นกระชับและดูชุ่มชื้น</p>\r\n<p>\r\n	&nbsp;</p>\r\n<p>\r\n	สรุป</p>\r\n<p>\r\n	ครีมบำรุงผิวหน้า สำหรับคุณแม่และลูกน้อย สามารถช่วย ลดการอับเสบระคายเคืองผิว ปกป้องผิวจากมลภาวะจากแสงแดด ( UV,Visible light ) และแสงสีฟ้า (IR) พร้อมทั้งช่วยปรับสภาพผิวให้ค่อยๆกระจ่างใสอย่างเป็นธรรมชาติ และบำรุงผิวหน้า ให้มีสุขภาพดี คืนชีวิตชีวาให้กับเซลล์ผิว ลดเลือนริ้วรอย จุดด่างดำ อีกทั้งยังช่วยส่งเสริมการสร้างของคอลลาเจน และ Hyaluronic acid ภายในเซลล์ เพื่อผิวดูเรียบเนียน แน่นกระชับ อิ่มฟู เต่งตึง และดูชุ่มชื้นมากขึ้น</p>\r\n<p>\r\n	&nbsp;</p>', '<p>\r\n	ครีมบำรุงผิวหน้า : สูตรอ่อนโยน ที่เป็นนวัตกรรมแห่งความผ่อนคลาย และ ปลอบปะโลมผิวหน้า ช่วยเพิ่มควำมชุ่มชื้นให้แก่ผิว ลดการสูญเสียน้ำของผิว</p>\r\n<p>\r\n	ครีมบำรุงผิวหน้า สำหรับคุณแม่และลูกน้อย สามารถช่วย ลดการอับเสบระคายเคืองผิว ปกป้องผิวจากมลภาวะจากแสงแดด ( UV,Visible light ) และแสงสีฟ้า (IR) พร้อมทั้งช่วยปรับสภาพผิวให้ค่อยๆกระจ่างใสอย่างเป็นธรรมชาติ และบำรุงผิวหน้า ให้มีสุขภาพดี คืนชีวิตชีวาให้กับเซลล์ผิว ลดเลือนริ้วรอย จุดด่างดำ อีกทั้งยังช่วยส่งเสริมการสร้างของคอลลาเจน และ Hyaluronic acid ภายในเซลล์ เพื่อผิวดูเรียบเนียน แน่นกระชับ อิ่มฟู เต่งตึง และดูชุ่มชื้นมากขึ้น</p>\r\n<p>\r\n	&nbsp;</p>\r\n<p>\r\n	ส่วนประกอบ ครีมบำรุงผิวหน้า</p>\r\n<p>\r\n	(Mom &amp; Baby Moisturizing Cream)</p>\r\n<p>\r\n	&nbsp;</p>\r\n<p>\r\n	Allantoin</p>\r\n<p>\r\n	&nbsp;</p>\r\n<p>\r\n	ช่วยลดการระคายเคือง ต่อต้านการแพ้ต่างๆของผิว (Soothing and Anti-Irritanting) และเสริมสร้างการสร้างเนื้อเยื่อ (Granulation tissue) ที่สมบูรณ์ขึ้นมาใหม่ ปลอดภัยและไร้ผลข้างเคียงสามารถใช้ได้แม้ในผลิตภัณฑ์สาหรับเด็กทารก</p>\r\n<p>\r\n	&nbsp;</p>\r\n<p>\r\n	Dipotassium Glycyrrhizate</p>\r\n<p>\r\n	สารสกัดจากชะเอมเทศ ทาหน้าที่ลดการอักเสบ ลดการแพ้ระคายเคือง</p>\r\n<p>\r\n	&nbsp;</p>\r\n<p>\r\n	Vitamin C (Sourc:Japan)</p>\r\n<p>\r\n	เป็นวิตามินซีที่อยู่ในรูป Ester ละลายได้ดีในน้ามัน ไม่มีความเป็นกรดเหมือนวิตามินซีทั่วไปที่ละลายในน้า มีความคงตัว มีประสิทธิภาพในการเป็น Antioxidant และกระตุ้นการสร้าง Collagen ช่วยปรับสภาพผิวให้ค่อยๆขาวขึ้นอย่างเป็นธรรมชาติ</p>\r\n<p>\r\n	&nbsp;</p>\r\n<p>\r\n	Chamomile Extract</p>\r\n<p>\r\n	สารสกัดจากดอกคาร์โมมายด์ชนิดออแกนิค ช่วยปกป้องผิวจากมลภาวะ ช่วยเพิ่มความแข็งแรง เนียนนุ่ม ชุ่มชื่นแก่ผิว ลดการอักเสบระคายเคืองของสิวและผิวพรรณ และลดรอยและแผลเป็น</p>\r\n<p>\r\n	&nbsp;</p>\r\n<p>\r\n	<strong>Jojoba oil</strong></p>\r\n<p>\r\n	oil น้ามันโจโจบามีคุณสมบัติทางเคมีใกล้เคียงกับซีบัม (น้ามันที่ร่างกายผลิตขึ้น) จึงให้ความชุ่มชื่นกับผิวได้อย่างเป็นธรรมชาติ ไม่เหนียวเหนอะ ซึมซาบลงสู่ผิวได้อย่างรวดเร็ว ไม่อุดตันรูขุมขน ไม่ทาให้เกิดการแพ้และระคายเคือง ช่วยป้องกันการสูญเสียน้า ทาให้ผิวเนียนนุ่ม นอกจากนี้ยังอุดมไปด้วยสารโทโคฟีรอล (วิตามินอี) ในปริมาณมาก จึงช่วยต่อต้านอนุมูลอิสระได้อย่างมีประสิทธิภาพ</p>\r\n<p>\r\n	&nbsp;</p>\r\n<p>\r\n	Squalane จัดเป็น Natural Moisturizing Factor เหมาะสาหรับผู้ที่มีปัญหา ผิวแห้งลอก ผิวแห้งหยาบกร้าน รักษาผิวให้เนียนนุ่มนวล ใช้บารุงผิวให้นุ่ม ไม่แห้งเป็นสะเก็ด สามารถนามาใช้เพิ่มประสิทธิภาพของ Moisturizers ในการบารุงผิวที่มีประสิทธิภาพ</p>\r\n<p>\r\n	&nbsp;</p>\r\n<p>\r\n	&nbsp;</p>\r\n<p>\r\n	Hyaluronicc Acid ที่มีมวลโมเลกุลขนาด 1.0 Mda เป็นสารกลุ่มมอยซ์เจอร์ไรเซอร์ช่วยเติมน้าหล่อเลี้ยงและล็อคความชุ่มชื้นใต้ชั้นเซลล์ผิว ช่วยให้ผิวเรียบเนียน เต่งตึง มีความยืดหยุ่น กระชับ แลดูมีชีวิตชีวา ผิวหน้าจึงดูอ่อนเยาว์ มีสุขภาพดี จะช่วยลดริ้วรอยเหี่ยวย่น ริ้วรอยแห่งวัย และความแห้งกร้านที่เกิดจากการขาดการบารุงได้เป็นอย่างดี</p>\r\n<p>\r\n	&nbsp;</p>\r\n<p>\r\n	Serincin (Sourc: Thai)</p>\r\n<p>\r\n	สารสกัดจากรังไหม ที่อุดมไปด้วย Protein Sericinn มีคุณสมบัติพิเศษที่สามารถกักเก็บน้าไว้ได้ดีมาก เพิ่มความชุ่มชื่นให้แก่ผิวพรรณ ช่วยรักษาสมดุลความชุ่มชื่นของผิวหนัง ปกป้องรังสียูวี เพิ่มความกระชับและต้านริ้วรอยรวมทั้งปกป้องผิวจากมลภาวะภายนอก</p>\r\n<p>\r\n	&nbsp;</p>\r\n<p>\r\n	Myrciaria Dubia Fruit Extract (Sourc : France)</p>\r\n<p>\r\n	สารสกัดจากผลคามู -คามูที่ประกอบไปด้วยวิตามินซีและยังมีสารต้านอนุมูลอิสระที่เรียกว่า Polyphenol ในปริมาณสูง ช่วยทาให้ผิวขาวและช่วยให้ผิวดูอ่อนเยาว์</p>\r\n<p>\r\n	&nbsp;</p>\r\n<p>\r\n	Buddleja Officinalis Flower Extract (Sourc : France)</p>\r\n<p>\r\n	&nbsp;</p>\r\n<p>\r\n	สารสกัดธรรมชาติจากดอก Buddleia หรือดอก Butterfly bush ที่อุดมด้วยสารสกัด Verbascoside และ Echinacoside ที่ช่วยปกป้องผิวจากแสงแดด (UV, Visible light) และแสงสีฟ้า (IR )</p>\r\n<p>\r\n	&nbsp;</p>\r\n<p>\r\n	Glycogen (Sourc : Canada)</p>\r\n<p>\r\n	เป็น Glycogen ที่มาจากธรรมชาติ ช่วยกักเก็บความชุ่มชื้น (Humectant) ทั้งยังลดเลือนริ้วรอย จุดด่างดา และทาให้ผิวดูกระจ่างใส นอกจากนี้ยังช่วยส่งเสริมการทางานของคอลลาเจนและ Hyaluronic acid ภายในเซลล์ ทาให้ผิวดูเรียบเนียน แน่นกระชับและดูชุ่มชื้น</p>\r\n<p>\r\n	&nbsp;</p>\r\n<p>\r\n	สรุป</p>\r\n<p>\r\n	ครีมบำรุงผิวหน้า สำหรับคุณแม่และลูกน้อย สามารถช่วย ลดการอับเสบระคายเคืองผิว ปกป้องผิวจากมลภาวะจากแสงแดด ( UV,Visible light ) และแสงสีฟ้า (IR) พร้อมทั้งช่วยปรับสภาพผิวให้ค่อยๆกระจ่างใสอย่างเป็นธรรมชาติ และบำรุงผิวหน้า ให้มีสุขภาพดี คืนชีวิตชีวาให้กับเซลล์ผิว ลดเลือนริ้วรอย จุดด่างดำ อีกทั้งยังช่วยส่งเสริมการสร้างของคอลลาเจน และ Hyaluronic acid ภายในเซลล์ เพื่อผิวดูเรียบเนียน แน่นกระชับ อิ่มฟู เต่งตึง และดูชุ่มชื้นมากขึ้น</p>\r\n<p>\r\n	&nbsp;</p>', '<p>\r\n	-</p>', '<p>\r\n	-</p>', '<p>\r\n	-</p>', 1550.00, '2021-11-03 09:10:53', '1.46.17.34', '2021-11-03 09:11:04', '1.46.17.34');

-- --------------------------------------------------------

--
-- Table structure for table `lv_product_gallery`
--

CREATE TABLE `lv_product_gallery` (
  `product_gallery_id` int(11) NOT NULL,
  `product_id` int(11) NOT NULL,
  `product_gallery_image` varchar(255) NOT NULL,
  `product_gallery_datetime_create` datetime NOT NULL,
  `product_gallery_ip_create` varchar(255) NOT NULL
) ENGINE=InnoDB DEFAULT CHARSET=utf8;

--
-- Dumping data for table `lv_product_gallery`
--

INSERT INTO `lv_product_gallery` (`product_gallery_id`, `product_id`, `product_gallery_image`, `product_gallery_datetime_create`, `product_gallery_ip_create`) VALUES
(1, 1, 'Foam_Face.png', '2021-11-03 08:25:55', '1.46.17.34'),
(2, 2, 'cream.png', '2021-11-03 08:26:11', '1.46.17.34'),
(3, 3, 'serum.png', '2021-11-03 08:26:38', '1.46.17.34'),
(4, 4, 'ampull.png', '2021-11-03 08:26:52', '1.46.17.34'),
(5, 5, 'cream2.png', '2021-11-03 09:10:54', '1.46.17.34');

-- --------------------------------------------------------

--
-- Table structure for table `lv_promocode`
--

CREATE TABLE `lv_promocode` (
  `promocode_id` int(11) NOT NULL,
  `promocode_code` varchar(255) NOT NULL,
  `promocode_discount` float(10,2) NOT NULL,
  `promocode_type` enum('%','Baht') NOT NULL,
  `promocode_date_begin` date NOT NULL,
  `promocode_date_end` date NOT NULL,
  `promocode_datetime_create` datetime NOT NULL,
  `promocode_ip_create` varchar(255) NOT NULL,
  `promocode_datetime_update` datetime NOT NULL,
  `promocode_ip_update` varchar(255) NOT NULL
) ENGINE=InnoDB DEFAULT CHARSET=utf8;

--
-- Dumping data for table `lv_promocode`
--

INSERT INTO `lv_promocode` (`promocode_id`, `promocode_code`, `promocode_discount`, `promocode_type`, `promocode_date_begin`, `promocode_date_end`, `promocode_datetime_create`, `promocode_ip_create`, `promocode_datetime_update`, `promocode_ip_update`) VALUES
(1, '12345', 35.00, '%', '2020-10-16', '2020-10-31', '2020-10-16 10:40:34', '::1', '2020-10-16 10:45:44', '::1'),
(2, '78910', 300.00, 'Baht', '2020-10-16', '2020-10-31', '2020-10-16 10:40:56', '::1', '2020-10-16 10:46:04', '::1');

-- --------------------------------------------------------

--
-- Table structure for table `lv_promotion`
--

CREATE TABLE `lv_promotion` (
  `promotion_id` int(11) NOT NULL,
  `promotion_image_th` varchar(255) NOT NULL,
  `promotion_image_en` varchar(255) NOT NULL,
  `promotion_image_ch` varchar(255) NOT NULL,
  `promotion_link` varchar(255) NOT NULL,
  `promotion_datetime_update` datetime NOT NULL,
  `promotion_ip_update` varchar(255) NOT NULL
) ENGINE=InnoDB DEFAULT CHARSET=utf8;

--
-- Dumping data for table `lv_promotion`
--

INSERT INTO `lv_promotion` (`promotion_id`, `promotion_image_th`, `promotion_image_en`, `promotion_image_ch`, `promotion_link`, `promotion_datetime_update`, `promotion_ip_update`) VALUES
(1, 'cover_1599813685.jpg', '', '', 'http://ford.orangeworkshop.info/lamocha/promotion?page=2', '2021-10-18 07:20:24', '1.46.158.255'),
(9, 'cover_1603168543.jpg', '', '', 'https://www.sanook.com', '2021-10-18 07:14:28', '1.46.158.255'),
(10, 'cover_1603168496.jpg', '', '', '', '2020-10-20 04:34:56', '124.120.117.45'),
(11, 'cover_1599813760.jpg', '', '', '', '2020-09-11 08:42:40', '::1');

-- --------------------------------------------------------

--
-- Table structure for table `lv_review`
--

CREATE TABLE `lv_review` (
  `review_id` int(11) NOT NULL,
  `review_type` enum('Image','Video') NOT NULL,
  `review_image_th` varchar(255) DEFAULT NULL,
  `review_image_en` varchar(255) DEFAULT NULL,
  `review_image_ch` varchar(255) DEFAULT NULL,
  `review_vdo_th` varchar(255) DEFAULT NULL,
  `review_vdo_en` varchar(255) DEFAULT NULL,
  `review_vdo_ch` varchar(255) DEFAULT NULL,
  `review_datetime_create` datetime NOT NULL,
  `review_ip_create` varchar(255) NOT NULL,
  `review_datetime_update` datetime NOT NULL,
  `review_ip_update` varchar(255) NOT NULL
) ENGINE=InnoDB DEFAULT CHARSET=utf8;

--
-- Dumping data for table `lv_review`
--

INSERT INTO `lv_review` (`review_id`, `review_type`, `review_image_th`, `review_image_en`, `review_image_ch`, `review_vdo_th`, `review_vdo_en`, `review_vdo_ch`, `review_datetime_create`, `review_ip_create`, `review_datetime_update`, `review_ip_update`) VALUES
(1, 'Image', 'img-reviews-1.jpg', 'img-reviews-1.jpg', 'img-reviews-1.jpg', 'https://www.youtube.com/embed/PtXs9vIuJ_8', 'https://www.youtube.com/embed/IlfPqrf48fc', 'https://www.youtube.com/embed/9VU8IjCzQDs', '2020-10-05 08:54:33', '::1', '2020-10-20 04:38:13', '124.120.117.45'),
(2, 'Image', 'img-reviews-2.jpg', 'img-reviews-2.jpg', 'img-reviews-2.jpg', NULL, NULL, NULL, '2020-10-05 09:13:00', '::1', '2020-10-20 04:38:48', '124.120.117.45'),
(6, 'Image', 'img-reviews-3.jpg', 'img-reviews-3.jpg', 'img-reviews-3.jpg', NULL, NULL, NULL, '2020-10-05 09:16:19', '::1', '2020-10-20 04:39:15', '124.120.117.45'),
(7, 'Image', 'img-reviews-4.jpg', 'img-reviews-4.jpg', 'img-reviews-4.jpg', NULL, NULL, NULL, '2020-10-20 04:39:49', '124.120.117.45', '2020-10-20 04:39:49', '124.120.117.45'),
(8, 'Image', 'img-reviews-5.jpg', 'img-reviews-5.jpg', 'img-reviews-5.jpg', NULL, NULL, NULL, '2020-10-20 04:40:25', '124.120.117.45', '2020-10-20 04:40:25', '124.120.117.45'),
(9, 'Image', 'img-reviews-6.jpg', 'img-reviews-6.jpg', 'img-reviews-6.jpg', NULL, NULL, NULL, '2020-10-20 04:41:04', '124.120.117.45', '2020-10-20 04:41:04', '124.120.117.45'),
(10, 'Image', 'img-reviews-7.jpg', 'img-reviews-7.jpg', 'img-reviews-7.jpg', NULL, NULL, NULL, '2020-10-20 04:41:41', '124.120.117.45', '2020-10-20 04:41:41', '124.120.117.45'),
(11, 'Image', 'img-reviews-8.jpg', 'img-reviews-8.jpg', 'img-reviews-8.jpg', NULL, NULL, NULL, '2020-10-20 04:42:20', '124.120.117.45', '2020-10-20 04:42:20', '124.120.117.45'),
(12, 'Image', 'img-reviews-9.jpg', 'img-reviews-9.jpg', 'img-reviews-9.jpg', NULL, NULL, NULL, '2020-10-20 04:42:56', '124.120.117.45', '2020-10-20 04:42:56', '124.120.117.45'),
(13, 'Image', 'img-reviews-10.jpg', 'img-reviews-10.jpg', 'img-reviews-10.jpg', NULL, NULL, NULL, '2020-10-20 04:43:35', '124.120.117.45', '2020-10-20 04:43:35', '124.120.117.45'),
(14, 'Image', 'img-reviews-11.jpg', 'img-reviews-11.jpg', 'img-reviews-11.jpg', NULL, NULL, NULL, '2020-10-20 04:44:12', '124.120.117.45', '2020-10-20 04:44:12', '124.120.117.45'),
(15, 'Image', 'img-reviews-12.jpg', 'img-reviews-12.jpg', 'img-reviews-12.jpg', NULL, NULL, NULL, '2020-10-20 04:44:50', '124.120.117.45', '2020-10-20 04:44:50', '124.120.117.45'),
(16, 'Image', 'img-reviews-14.jpg', 'img-reviews-14.jpg', 'img-reviews-14.jpg', NULL, NULL, NULL, '2020-10-20 04:45:26', '124.120.117.45', '2020-10-20 04:45:26', '124.120.117.45'),
(17, 'Image', 'img-reviews-15.jpg', 'img-reviews-15.jpg', 'img-reviews-15.jpg', NULL, NULL, NULL, '2020-10-20 04:46:02', '124.120.117.45', '2020-10-20 04:46:02', '124.120.117.45'),
(18, 'Image', 'img-reviews-16.jpg', 'img-reviews-16.jpg', 'img-reviews-16.jpg', NULL, NULL, NULL, '2020-10-20 04:47:54', '124.120.117.45', '2020-10-20 04:47:54', '124.120.117.45'),
(19, 'Video', NULL, NULL, NULL, 'https://www.youtube.com/embed/PtXs9vIuJ_8', 'https://www.youtube.com/embed/PtXs9vIuJ_8', 'https://www.youtube.com/embed/PtXs9vIuJ_8', '2020-10-20 04:48:44', '124.120.117.45', '2020-10-20 04:49:36', '124.120.117.45'),
(20, 'Video', NULL, NULL, NULL, 'https://www.youtube.com/embed/IlfPqrf48fc', 'https://www.youtube.com/embed/IlfPqrf48fc', 'https://www.youtube.com/embed/IlfPqrf48fc', '2020-10-20 04:50:44', '124.120.117.45', '2020-10-20 04:50:55', '124.120.117.45'),
(21, 'Video', NULL, NULL, NULL, 'https://www.youtube.com/embed/oX4ycFXhXrw', 'https://www.youtube.com/embed/oX4ycFXhXrw', 'https://www.youtube.com/embed/oX4ycFXhXrw', '2020-10-20 04:51:45', '124.120.117.45', '2020-10-20 04:51:45', '124.120.117.45'),
(22, 'Video', NULL, NULL, NULL, 'https://www.youtube.com/embed/9VU8IjCzQDs', 'https://www.youtube.com/embed/9VU8IjCzQDs', 'https://www.youtube.com/embed/9VU8IjCzQDs', '2020-10-20 04:52:25', '124.120.117.45', '2020-10-20 04:52:25', '124.120.117.45');

-- --------------------------------------------------------

--
-- Table structure for table `lv_social_network`
--

CREATE TABLE `lv_social_network` (
  `social_network_id` int(11) NOT NULL,
  `social_network_facebook` varchar(255) NOT NULL,
  `social_network_twitter` varchar(255) NOT NULL,
  `social_network_instagram` varchar(255) NOT NULL,
  `social_network_youtube` varchar(255) NOT NULL,
  `social_network_line` varchar(255) NOT NULL,
  `social_network_datetime_update` datetime NOT NULL,
  `social_network_ip_update` varchar(255) NOT NULL
) ENGINE=InnoDB DEFAULT CHARSET=utf8;

-- --------------------------------------------------------

--
-- Table structure for table `lv_study_online`
--

CREATE TABLE `lv_study_online` (
  `study_online_id` int(11) NOT NULL,
  `coach_id` int(11) NOT NULL,
  `chapter_id` varchar(255) NOT NULL,
  `study_online_description_th` longtext NOT NULL,
  `study_online_description_en` longtext NOT NULL,
  `study_online_description_ch` longtext NOT NULL,
  `study_online_chapter` int(11) NOT NULL,
  `study_online_course_name_th` varchar(255) NOT NULL,
  `study_online_course_name_en` varchar(255) NOT NULL,
  `study_online_course_name_ch` varchar(255) NOT NULL,
  `study_online_embed_youtube_or_mp4` enum('Embed Youtube','MP4') NOT NULL,
  `study_online_embed_youtube_th` text NOT NULL,
  `study_online_embed_youtube_en` text NOT NULL,
  `study_online_embed_youtube_ch` text NOT NULL,
  `study_online_mp4_th` varchar(255) NOT NULL,
  `study_online_mp4_en` varchar(255) NOT NULL,
  `study_online_mp4_ch` varchar(255) NOT NULL,
  `study_online_time` varchar(255) NOT NULL,
  `study_online_sample` enum('No','Yes') NOT NULL,
  `study_online_datetime_create` datetime NOT NULL,
  `study_online_ip_create` varchar(255) NOT NULL,
  `study_online_datetime_update` datetime NOT NULL,
  `study_online_ip_update` varchar(255) NOT NULL
) ENGINE=InnoDB DEFAULT CHARSET=utf8;

--
-- Dumping data for table `lv_study_online`
--

INSERT INTO `lv_study_online` (`study_online_id`, `coach_id`, `chapter_id`, `study_online_description_th`, `study_online_description_en`, `study_online_description_ch`, `study_online_chapter`, `study_online_course_name_th`, `study_online_course_name_en`, `study_online_course_name_ch`, `study_online_embed_youtube_or_mp4`, `study_online_embed_youtube_th`, `study_online_embed_youtube_en`, `study_online_embed_youtube_ch`, `study_online_mp4_th`, `study_online_mp4_en`, `study_online_mp4_ch`, `study_online_time`, `study_online_sample`, `study_online_datetime_create`, `study_online_ip_create`, `study_online_datetime_update`, `study_online_ip_update`) VALUES
(1, 1, 'บทนำ', '<h5 style=\"box-sizing: border-box; margin-top: 0px; margin-bottom: 0.5rem; font-family: Poppins, Prompt, sans-serif; font-weight: 500; line-height: 1.2; color: rgb(33, 37, 41); font-size: 18px;\">\r\n	คำอธิบายคอร์สออนไลน์</h5>\r\n<p style=\"box-sizing: border-box; margin: 0px; color: rgb(33, 37, 41); font-family: Poppins, Prompt, sans-serif; font-size: 16px;\">\r\n	&quot;การตลาดออนไลน์ ขายอสังหาฯ ยุค COVID-19&quot;</p>\r\n<ul class=\"ul_online\" style=\"box-sizing: border-box; margin: 0px; list-style: none; padding: 0px 0px 0px 30px; font-size: 15px; line-height: 31px; color: rgb(102, 102, 102); font-family: Poppins, Prompt, sans-serif;\">\r\n	<li style=\"box-sizing: border-box;\">\r\n		- มาทำความเข้าใจเครื่องมือการตลาดออนไลน์ ไม่ว่าจะเป็น Facebook, Google, Website, Line OA, IG, Inbox Massenger ฯลฯ ในการขายอสังหาฯ เครื่องมือไหนใช้ทำอะไร ควรเลือกใช้เครื่องมืออะไรดีในการขายและโฆษณาอสังหาฯ</li>\r\n	<li style=\"box-sizing: border-box;\">\r\n		- พร้อมกับเทคนิคการรับมือสถานการณ์ COVID-19 รวมไปถึงโอกาสที่จะเกิดขึ้น รู้ก่อน เตรียมพร้อมได้ก่อน</li>\r\n</ul>\r\n<p style=\"box-sizing: border-box; margin: 0px; color: rgb(33, 37, 41); font-family: Poppins, Prompt, sans-serif; font-size: 16px;\">\r\n	ประโยชน์ที่ผู้เรียนจะได้รับ</p>\r\n<div class=\"multi-collapse collapse show\" id=\"multiCollapseExample2\" style=\"box-sizing: border-box; color: rgb(33, 37, 41); font-family: Poppins, Prompt, sans-serif; font-size: 16px;\">\r\n	<ul class=\"ul_online\" style=\"box-sizing: border-box; margin: 0px; list-style: none; padding: 0px 0px 0px 30px; font-size: 15px; line-height: 31px; color: rgb(102, 102, 102);\">\r\n		<li style=\"box-sizing: border-box;\">\r\n			1. ทำความเข้าใจจุดแข็งของ FB, Google, Website, IG, Youtube, LineOA และอื่นๆ</li>\r\n		<li style=\"box-sizing: border-box;\">\r\n			2. รู้วิธีการใช้เครื่องการมือการตลาดออนไลน์ที่ถูกต้อง</li>\r\n		<li style=\"box-sizing: border-box;\">\r\n			3. ชนะเกมส์การขายอสังหาฯ บนโลกออนไลน์ แบบ Winnig Strategy</li>\r\n		<li style=\"box-sizing: border-box;\">\r\n			4. เทคนิคการปรับตัว รับมือ COVID-19 พร้อมโอกาสที่จะเกิดขึ้นแน่นอน</li>\r\n		<li style=\"box-sizing: border-box;\">\r\n			5. เจาะลึกพฤติกรรมของลูกค้าบนโลกออนไลน์ กับอสังหาฯ</li>\r\n		<li style=\"box-sizing: border-box;\">\r\n			6. Customer Journey กว่าลูกค้าจะซื้อ เขาผ่านอะไรมาบ้าง</li>\r\n		และอื่นๆอีกมากมาย\r\n	</ul>\r\n	<p style=\"box-sizing: border-box; margin: 0px;\">\r\n		ใครควรเรียนคอร์สออนไลน์นี้</p>\r\n	<ul class=\"ul_online\" style=\"box-sizing: border-box; margin: 0px; list-style: none; padding: 0px 0px 0px 30px; font-size: 15px; line-height: 31px; color: rgb(102, 102, 102);\">\r\n		<li style=\"box-sizing: border-box;\">\r\n			- เจ้าของโครงการ, นักพัฒนาอสังหาฯริมทรัพย์</li>\r\n		<li style=\"box-sizing: border-box;\">\r\n			- นายหน้าอสังหาริมทรัพย์</li>\r\n		<li style=\"box-sizing: border-box;\">\r\n			- ฝ่ายขาย, ฝ่ายการตลาด, และเซลล์โครงการใหม่</li>\r\n		<li style=\"box-sizing: border-box;\">\r\n			- นักลงทุนในธุรกิจอสังหาริมทรัพย์</li>\r\n	</ul>\r\n</div>\r\n<p>\r\n	&nbsp;</p>', '<h5 style=\"box-sizing: border-box; margin-top: 0px; margin-bottom: 0.5rem; font-family: Poppins, Prompt, sans-serif; font-weight: 500; line-height: 1.2; color: rgb(33, 37, 41); font-size: 18px;\">\r\n	คำอธิบายคอร์สออนไลน์</h5>\r\n<p style=\"box-sizing: border-box; margin: 0px; color: rgb(33, 37, 41); font-family: Poppins, Prompt, sans-serif; font-size: 16px;\">\r\n	&quot;การตลาดออนไลน์ ขายอสังหาฯ ยุค COVID-19&quot;</p>\r\n<ul class=\"ul_online\" style=\"box-sizing: border-box; margin: 0px; list-style: none; padding: 0px 0px 0px 30px; font-size: 15px; line-height: 31px; color: rgb(102, 102, 102); font-family: Poppins, Prompt, sans-serif;\">\r\n	<li style=\"box-sizing: border-box;\">\r\n		- มาทำความเข้าใจเครื่องมือการตลาดออนไลน์ ไม่ว่าจะเป็น Facebook, Google, Website, Line OA, IG, Inbox Massenger ฯลฯ ในการขายอสังหาฯ เครื่องมือไหนใช้ทำอะไร ควรเลือกใช้เครื่องมืออะไรดีในการขายและโฆษณาอสังหาฯ</li>\r\n	<li style=\"box-sizing: border-box;\">\r\n		- พร้อมกับเทคนิคการรับมือสถานการณ์ COVID-19 รวมไปถึงโอกาสที่จะเกิดขึ้น รู้ก่อน เตรียมพร้อมได้ก่อน</li>\r\n</ul>\r\n<p style=\"box-sizing: border-box; margin: 0px; color: rgb(33, 37, 41); font-family: Poppins, Prompt, sans-serif; font-size: 16px;\">\r\n	ประโยชน์ที่ผู้เรียนจะได้รับ</p>\r\n<div class=\"multi-collapse collapse show\" id=\"multiCollapseExample2\" style=\"box-sizing: border-box; color: rgb(33, 37, 41); font-family: Poppins, Prompt, sans-serif; font-size: 16px;\">\r\n	<ul class=\"ul_online\" style=\"box-sizing: border-box; margin: 0px; list-style: none; padding: 0px 0px 0px 30px; font-size: 15px; line-height: 31px; color: rgb(102, 102, 102);\">\r\n		<li style=\"box-sizing: border-box;\">\r\n			1. ทำความเข้าใจจุดแข็งของ FB, Google, Website, IG, Youtube, LineOA และอื่นๆ</li>\r\n		<li style=\"box-sizing: border-box;\">\r\n			2. รู้วิธีการใช้เครื่องการมือการตลาดออนไลน์ที่ถูกต้อง</li>\r\n		<li style=\"box-sizing: border-box;\">\r\n			3. ชนะเกมส์การขายอสังหาฯ บนโลกออนไลน์ แบบ Winnig Strategy</li>\r\n		<li style=\"box-sizing: border-box;\">\r\n			4. เทคนิคการปรับตัว รับมือ COVID-19 พร้อมโอกาสที่จะเกิดขึ้นแน่นอน</li>\r\n		<li style=\"box-sizing: border-box;\">\r\n			5. เจาะลึกพฤติกรรมของลูกค้าบนโลกออนไลน์ กับอสังหาฯ</li>\r\n		<li style=\"box-sizing: border-box;\">\r\n			6. Customer Journey กว่าลูกค้าจะซื้อ เขาผ่านอะไรมาบ้าง</li>\r\n		และอื่นๆอีกมากมาย\r\n	</ul>\r\n	<p style=\"box-sizing: border-box; margin: 0px;\">\r\n		ใครควรเรียนคอร์สออนไลน์นี้</p>\r\n	<ul class=\"ul_online\" style=\"box-sizing: border-box; margin: 0px; list-style: none; padding: 0px 0px 0px 30px; font-size: 15px; line-height: 31px; color: rgb(102, 102, 102);\">\r\n		<li style=\"box-sizing: border-box;\">\r\n			- เจ้าของโครงการ, นักพัฒนาอสังหาฯริมทรัพย์</li>\r\n		<li style=\"box-sizing: border-box;\">\r\n			- นายหน้าอสังหาริมทรัพย์</li>\r\n		<li style=\"box-sizing: border-box;\">\r\n			- ฝ่ายขาย, ฝ่ายการตลาด, และเซลล์โครงการใหม่</li>\r\n		<li style=\"box-sizing: border-box;\">\r\n			- นักลงทุนในธุรกิจอสังหาริมทรัพย์</li>\r\n	</ul>\r\n</div>\r\n<p>\r\n	&nbsp;</p>', '<h5 style=\"box-sizing: border-box; margin-top: 0px; margin-bottom: 0.5rem; font-family: Poppins, Prompt, sans-serif; font-weight: 500; line-height: 1.2; color: rgb(33, 37, 41); font-size: 18px;\">\r\n	คำอธิบายคอร์สออนไลน์</h5>\r\n<p style=\"box-sizing: border-box; margin: 0px; color: rgb(33, 37, 41); font-family: Poppins, Prompt, sans-serif; font-size: 16px;\">\r\n	&quot;การตลาดออนไลน์ ขายอสังหาฯ ยุค COVID-19&quot;</p>\r\n<ul class=\"ul_online\" style=\"box-sizing: border-box; margin: 0px; list-style: none; padding: 0px 0px 0px 30px; font-size: 15px; line-height: 31px; color: rgb(102, 102, 102); font-family: Poppins, Prompt, sans-serif;\">\r\n	<li style=\"box-sizing: border-box;\">\r\n		- มาทำความเข้าใจเครื่องมือการตลาดออนไลน์ ไม่ว่าจะเป็น Facebook, Google, Website, Line OA, IG, Inbox Massenger ฯลฯ ในการขายอสังหาฯ เครื่องมือไหนใช้ทำอะไร ควรเลือกใช้เครื่องมืออะไรดีในการขายและโฆษณาอสังหาฯ</li>\r\n	<li style=\"box-sizing: border-box;\">\r\n		- พร้อมกับเทคนิคการรับมือสถานการณ์ COVID-19 รวมไปถึงโอกาสที่จะเกิดขึ้น รู้ก่อน เตรียมพร้อมได้ก่อน</li>\r\n</ul>\r\n<p style=\"box-sizing: border-box; margin: 0px; color: rgb(33, 37, 41); font-family: Poppins, Prompt, sans-serif; font-size: 16px;\">\r\n	ประโยชน์ที่ผู้เรียนจะได้รับ</p>\r\n<div class=\"multi-collapse collapse show\" id=\"multiCollapseExample2\" style=\"box-sizing: border-box; color: rgb(33, 37, 41); font-family: Poppins, Prompt, sans-serif; font-size: 16px;\">\r\n	<ul class=\"ul_online\" style=\"box-sizing: border-box; margin: 0px; list-style: none; padding: 0px 0px 0px 30px; font-size: 15px; line-height: 31px; color: rgb(102, 102, 102);\">\r\n		<li style=\"box-sizing: border-box;\">\r\n			1. ทำความเข้าใจจุดแข็งของ FB, Google, Website, IG, Youtube, LineOA และอื่นๆ</li>\r\n		<li style=\"box-sizing: border-box;\">\r\n			2. รู้วิธีการใช้เครื่องการมือการตลาดออนไลน์ที่ถูกต้อง</li>\r\n		<li style=\"box-sizing: border-box;\">\r\n			3. ชนะเกมส์การขายอสังหาฯ บนโลกออนไลน์ แบบ Winnig Strategy</li>\r\n		<li style=\"box-sizing: border-box;\">\r\n			4. เทคนิคการปรับตัว รับมือ COVID-19 พร้อมโอกาสที่จะเกิดขึ้นแน่นอน</li>\r\n		<li style=\"box-sizing: border-box;\">\r\n			5. เจาะลึกพฤติกรรมของลูกค้าบนโลกออนไลน์ กับอสังหาฯ</li>\r\n		<li style=\"box-sizing: border-box;\">\r\n			6. Customer Journey กว่าลูกค้าจะซื้อ เขาผ่านอะไรมาบ้าง</li>\r\n		และอื่นๆอีกมากมาย\r\n	</ul>\r\n	<p style=\"box-sizing: border-box; margin: 0px;\">\r\n		ใครควรเรียนคอร์สออนไลน์นี้</p>\r\n	<ul class=\"ul_online\" style=\"box-sizing: border-box; margin: 0px; list-style: none; padding: 0px 0px 0px 30px; font-size: 15px; line-height: 31px; color: rgb(102, 102, 102);\">\r\n		<li style=\"box-sizing: border-box;\">\r\n			- เจ้าของโครงการ, นักพัฒนาอสังหาฯริมทรัพย์</li>\r\n		<li style=\"box-sizing: border-box;\">\r\n			- นายหน้าอสังหาริมทรัพย์</li>\r\n		<li style=\"box-sizing: border-box;\">\r\n			- ฝ่ายขาย, ฝ่ายการตลาด, และเซลล์โครงการใหม่</li>\r\n		<li style=\"box-sizing: border-box;\">\r\n			- นักลงทุนในธุรกิจอสังหาริมทรัพย์</li>\r\n	</ul>\r\n</div>\r\n<p>\r\n	&nbsp;</p>', 1, 'Test', 'Test', 'Test', 'Embed Youtube', 'https://www.youtube.com/embed/tBFY0r1xN7c', 'https://www.youtube.com/embed/tBFY0r1xN7c', 'https://www.youtube.com/embed/tBFY0r1xN7c', '', '', '', '01:00', 'Yes', '2020-10-07 03:19:14', '::1', '2020-10-07 05:47:01', '::1'),
(2, 1, 'บทนำ', '<h5 style=\"box-sizing: border-box; margin-top: 0px; margin-bottom: 0.5rem; font-family: Poppins, Prompt, sans-serif; font-weight: 500; line-height: 1.2; color: rgb(33, 37, 41); font-size: 18px;\">\r\n	คำอธิบายคอร์สออนไลน์</h5>\r\n<p style=\"box-sizing: border-box; margin: 0px; color: rgb(33, 37, 41); font-family: Poppins, Prompt, sans-serif; font-size: 16px;\">\r\n	&quot;การตลาดออนไลน์ ขายอสังหาฯ ยุค COVID-19&quot;</p>\r\n<ul class=\"ul_online\" style=\"box-sizing: border-box; margin: 0px; list-style: none; padding: 0px 0px 0px 30px; font-size: 15px; line-height: 31px; color: rgb(102, 102, 102); font-family: Poppins, Prompt, sans-serif;\">\r\n	<li style=\"box-sizing: border-box;\">\r\n		- มาทำความเข้าใจเครื่องมือการตลาดออนไลน์ ไม่ว่าจะเป็น Facebook, Google, Website, Line OA, IG, Inbox Massenger ฯลฯ ในการขายอสังหาฯ เครื่องมือไหนใช้ทำอะไร ควรเลือกใช้เครื่องมืออะไรดีในการขายและโฆษณาอสังหาฯ</li>\r\n	<li style=\"box-sizing: border-box;\">\r\n		- พร้อมกับเทคนิคการรับมือสถานการณ์ COVID-19 รวมไปถึงโอกาสที่จะเกิดขึ้น รู้ก่อน เตรียมพร้อมได้ก่อน</li>\r\n</ul>\r\n<p style=\"box-sizing: border-box; margin: 0px; color: rgb(33, 37, 41); font-family: Poppins, Prompt, sans-serif; font-size: 16px;\">\r\n	ประโยชน์ที่ผู้เรียนจะได้รับ</p>\r\n<div class=\"multi-collapse collapse show\" id=\"multiCollapseExample2\" style=\"box-sizing: border-box; color: rgb(33, 37, 41); font-family: Poppins, Prompt, sans-serif; font-size: 16px;\">\r\n	<ul class=\"ul_online\" style=\"box-sizing: border-box; margin: 0px; list-style: none; padding: 0px 0px 0px 30px; font-size: 15px; line-height: 31px; color: rgb(102, 102, 102);\">\r\n		<li style=\"box-sizing: border-box;\">\r\n			1. ทำความเข้าใจจุดแข็งของ FB, Google, Website, IG, Youtube, LineOA และอื่นๆ</li>\r\n		<li style=\"box-sizing: border-box;\">\r\n			2. รู้วิธีการใช้เครื่องการมือการตลาดออนไลน์ที่ถูกต้อง</li>\r\n		<li style=\"box-sizing: border-box;\">\r\n			3. ชนะเกมส์การขายอสังหาฯ บนโลกออนไลน์ แบบ Winnig Strategy</li>\r\n		<li style=\"box-sizing: border-box;\">\r\n			4. เทคนิคการปรับตัว รับมือ COVID-19 พร้อมโอกาสที่จะเกิดขึ้นแน่นอน</li>\r\n		<li style=\"box-sizing: border-box;\">\r\n			5. เจาะลึกพฤติกรรมของลูกค้าบนโลกออนไลน์ กับอสังหาฯ</li>\r\n		<li style=\"box-sizing: border-box;\">\r\n			6. Customer Journey กว่าลูกค้าจะซื้อ เขาผ่านอะไรมาบ้าง</li>\r\n		และอื่นๆอีกมากมาย\r\n	</ul>\r\n	<p style=\"box-sizing: border-box; margin: 0px;\">\r\n		ใครควรเรียนคอร์สออนไลน์นี้</p>\r\n	<ul class=\"ul_online\" style=\"box-sizing: border-box; margin: 0px; list-style: none; padding: 0px 0px 0px 30px; font-size: 15px; line-height: 31px; color: rgb(102, 102, 102);\">\r\n		<li style=\"box-sizing: border-box;\">\r\n			- เจ้าของโครงการ, นักพัฒนาอสังหาฯริมทรัพย์</li>\r\n		<li style=\"box-sizing: border-box;\">\r\n			- นายหน้าอสังหาริมทรัพย์</li>\r\n		<li style=\"box-sizing: border-box;\">\r\n			- ฝ่ายขาย, ฝ่ายการตลาด, และเซลล์โครงการใหม่</li>\r\n		<li style=\"box-sizing: border-box;\">\r\n			- นักลงทุนในธุรกิจอสังหาริมทรัพย์</li>\r\n	</ul>\r\n</div>\r\n<p>\r\n	&nbsp;</p>', '<h5 style=\"box-sizing: border-box; margin-top: 0px; margin-bottom: 0.5rem; font-family: Poppins, Prompt, sans-serif; font-weight: 500; line-height: 1.2; color: rgb(33, 37, 41); font-size: 18px;\">\r\n	คำอธิบายคอร์สออนไลน์</h5>\r\n<p style=\"box-sizing: border-box; margin: 0px; color: rgb(33, 37, 41); font-family: Poppins, Prompt, sans-serif; font-size: 16px;\">\r\n	&quot;การตลาดออนไลน์ ขายอสังหาฯ ยุค COVID-19&quot;</p>\r\n<ul class=\"ul_online\" style=\"box-sizing: border-box; margin: 0px; list-style: none; padding: 0px 0px 0px 30px; font-size: 15px; line-height: 31px; color: rgb(102, 102, 102); font-family: Poppins, Prompt, sans-serif;\">\r\n	<li style=\"box-sizing: border-box;\">\r\n		- มาทำความเข้าใจเครื่องมือการตลาดออนไลน์ ไม่ว่าจะเป็น Facebook, Google, Website, Line OA, IG, Inbox Massenger ฯลฯ ในการขายอสังหาฯ เครื่องมือไหนใช้ทำอะไร ควรเลือกใช้เครื่องมืออะไรดีในการขายและโฆษณาอสังหาฯ</li>\r\n	<li style=\"box-sizing: border-box;\">\r\n		- พร้อมกับเทคนิคการรับมือสถานการณ์ COVID-19 รวมไปถึงโอกาสที่จะเกิดขึ้น รู้ก่อน เตรียมพร้อมได้ก่อน</li>\r\n</ul>\r\n<p style=\"box-sizing: border-box; margin: 0px; color: rgb(33, 37, 41); font-family: Poppins, Prompt, sans-serif; font-size: 16px;\">\r\n	ประโยชน์ที่ผู้เรียนจะได้รับ</p>\r\n<div class=\"multi-collapse collapse show\" id=\"multiCollapseExample2\" style=\"box-sizing: border-box; color: rgb(33, 37, 41); font-family: Poppins, Prompt, sans-serif; font-size: 16px;\">\r\n	<ul class=\"ul_online\" style=\"box-sizing: border-box; margin: 0px; list-style: none; padding: 0px 0px 0px 30px; font-size: 15px; line-height: 31px; color: rgb(102, 102, 102);\">\r\n		<li style=\"box-sizing: border-box;\">\r\n			1. ทำความเข้าใจจุดแข็งของ FB, Google, Website, IG, Youtube, LineOA และอื่นๆ</li>\r\n		<li style=\"box-sizing: border-box;\">\r\n			2. รู้วิธีการใช้เครื่องการมือการตลาดออนไลน์ที่ถูกต้อง</li>\r\n		<li style=\"box-sizing: border-box;\">\r\n			3. ชนะเกมส์การขายอสังหาฯ บนโลกออนไลน์ แบบ Winnig Strategy</li>\r\n		<li style=\"box-sizing: border-box;\">\r\n			4. เทคนิคการปรับตัว รับมือ COVID-19 พร้อมโอกาสที่จะเกิดขึ้นแน่นอน</li>\r\n		<li style=\"box-sizing: border-box;\">\r\n			5. เจาะลึกพฤติกรรมของลูกค้าบนโลกออนไลน์ กับอสังหาฯ</li>\r\n		<li style=\"box-sizing: border-box;\">\r\n			6. Customer Journey กว่าลูกค้าจะซื้อ เขาผ่านอะไรมาบ้าง</li>\r\n		และอื่นๆอีกมากมาย\r\n	</ul>\r\n	<p style=\"box-sizing: border-box; margin: 0px;\">\r\n		ใครควรเรียนคอร์สออนไลน์นี้</p>\r\n	<ul class=\"ul_online\" style=\"box-sizing: border-box; margin: 0px; list-style: none; padding: 0px 0px 0px 30px; font-size: 15px; line-height: 31px; color: rgb(102, 102, 102);\">\r\n		<li style=\"box-sizing: border-box;\">\r\n			- เจ้าของโครงการ, นักพัฒนาอสังหาฯริมทรัพย์</li>\r\n		<li style=\"box-sizing: border-box;\">\r\n			- นายหน้าอสังหาริมทรัพย์</li>\r\n		<li style=\"box-sizing: border-box;\">\r\n			- ฝ่ายขาย, ฝ่ายการตลาด, และเซลล์โครงการใหม่</li>\r\n		<li style=\"box-sizing: border-box;\">\r\n			- นักลงทุนในธุรกิจอสังหาริมทรัพย์</li>\r\n	</ul>\r\n</div>\r\n<p>\r\n	&nbsp;</p>', '<h5 style=\"box-sizing: border-box; margin-top: 0px; margin-bottom: 0.5rem; font-family: Poppins, Prompt, sans-serif; font-weight: 500; line-height: 1.2; color: rgb(33, 37, 41); font-size: 18px;\">\r\n	คำอธิบายคอร์สออนไลน์</h5>\r\n<p style=\"box-sizing: border-box; margin: 0px; color: rgb(33, 37, 41); font-family: Poppins, Prompt, sans-serif; font-size: 16px;\">\r\n	&quot;การตลาดออนไลน์ ขายอสังหาฯ ยุค COVID-19&quot;</p>\r\n<ul class=\"ul_online\" style=\"box-sizing: border-box; margin: 0px; list-style: none; padding: 0px 0px 0px 30px; font-size: 15px; line-height: 31px; color: rgb(102, 102, 102); font-family: Poppins, Prompt, sans-serif;\">\r\n	<li style=\"box-sizing: border-box;\">\r\n		- มาทำความเข้าใจเครื่องมือการตลาดออนไลน์ ไม่ว่าจะเป็น Facebook, Google, Website, Line OA, IG, Inbox Massenger ฯลฯ ในการขายอสังหาฯ เครื่องมือไหนใช้ทำอะไร ควรเลือกใช้เครื่องมืออะไรดีในการขายและโฆษณาอสังหาฯ</li>\r\n	<li style=\"box-sizing: border-box;\">\r\n		- พร้อมกับเทคนิคการรับมือสถานการณ์ COVID-19 รวมไปถึงโอกาสที่จะเกิดขึ้น รู้ก่อน เตรียมพร้อมได้ก่อน</li>\r\n</ul>\r\n<p style=\"box-sizing: border-box; margin: 0px; color: rgb(33, 37, 41); font-family: Poppins, Prompt, sans-serif; font-size: 16px;\">\r\n	ประโยชน์ที่ผู้เรียนจะได้รับ</p>\r\n<div class=\"multi-collapse collapse show\" id=\"multiCollapseExample2\" style=\"box-sizing: border-box; color: rgb(33, 37, 41); font-family: Poppins, Prompt, sans-serif; font-size: 16px;\">\r\n	<ul class=\"ul_online\" style=\"box-sizing: border-box; margin: 0px; list-style: none; padding: 0px 0px 0px 30px; font-size: 15px; line-height: 31px; color: rgb(102, 102, 102);\">\r\n		<li style=\"box-sizing: border-box;\">\r\n			1. ทำความเข้าใจจุดแข็งของ FB, Google, Website, IG, Youtube, LineOA และอื่นๆ</li>\r\n		<li style=\"box-sizing: border-box;\">\r\n			2. รู้วิธีการใช้เครื่องการมือการตลาดออนไลน์ที่ถูกต้อง</li>\r\n		<li style=\"box-sizing: border-box;\">\r\n			3. ชนะเกมส์การขายอสังหาฯ บนโลกออนไลน์ แบบ Winnig Strategy</li>\r\n		<li style=\"box-sizing: border-box;\">\r\n			4. เทคนิคการปรับตัว รับมือ COVID-19 พร้อมโอกาสที่จะเกิดขึ้นแน่นอน</li>\r\n		<li style=\"box-sizing: border-box;\">\r\n			5. เจาะลึกพฤติกรรมของลูกค้าบนโลกออนไลน์ กับอสังหาฯ</li>\r\n		<li style=\"box-sizing: border-box;\">\r\n			6. Customer Journey กว่าลูกค้าจะซื้อ เขาผ่านอะไรมาบ้าง</li>\r\n		และอื่นๆอีกมากมาย\r\n	</ul>\r\n	<p style=\"box-sizing: border-box; margin: 0px;\">\r\n		ใครควรเรียนคอร์สออนไลน์นี้</p>\r\n	<ul class=\"ul_online\" style=\"box-sizing: border-box; margin: 0px; list-style: none; padding: 0px 0px 0px 30px; font-size: 15px; line-height: 31px; color: rgb(102, 102, 102);\">\r\n		<li style=\"box-sizing: border-box;\">\r\n			- เจ้าของโครงการ, นักพัฒนาอสังหาฯริมทรัพย์</li>\r\n		<li style=\"box-sizing: border-box;\">\r\n			- นายหน้าอสังหาริมทรัพย์</li>\r\n		<li style=\"box-sizing: border-box;\">\r\n			- ฝ่ายขาย, ฝ่ายการตลาด, และเซลล์โครงการใหม่</li>\r\n		<li style=\"box-sizing: border-box;\">\r\n			- นักลงทุนในธุรกิจอสังหาริมทรัพย์</li>\r\n	</ul>\r\n</div>\r\n<p>\r\n	&nbsp;</p>', 2, 'Test 2', 'Test 2', 'Test 2', 'Embed Youtube', 'https://www.youtube.com/embed/tBFY0r1xN7c', 'https://www.youtube.com/embed/tBFY0r1xN7c', 'https://www.youtube.com/embed/tBFY0r1xN7c', '', '', '', '02:00', 'Yes', '2020-10-07 03:24:00', '::1', '2020-10-26 09:16:33', '124.122.197.40'),
(3, 1, '1', '<h5 style=\"box-sizing: border-box; margin-top: 0px; margin-bottom: 0.5rem; font-family: Poppins, Prompt, sans-serif; font-weight: 500; line-height: 1.2; color: rgb(33, 37, 41); font-size: 18px;\">\r\n	คำอธิบายคอร์สออนไลน์</h5>\r\n<p style=\"box-sizing: border-box; margin: 0px; color: rgb(33, 37, 41); font-family: Poppins, Prompt, sans-serif; font-size: 16px;\">\r\n	&quot;การตลาดออนไลน์ ขายอสังหาฯ ยุค COVID-19&quot;</p>\r\n<ul class=\"ul_online\" style=\"box-sizing: border-box; margin: 0px; list-style: none; padding: 0px 0px 0px 30px; font-size: 15px; line-height: 31px; color: rgb(102, 102, 102); font-family: Poppins, Prompt, sans-serif;\">\r\n	<li style=\"box-sizing: border-box;\">\r\n		- มาทำความเข้าใจเครื่องมือการตลาดออนไลน์ ไม่ว่าจะเป็น Facebook, Google, Website, Line OA, IG, Inbox Massenger ฯลฯ ในการขายอสังหาฯ เครื่องมือไหนใช้ทำอะไร ควรเลือกใช้เครื่องมืออะไรดีในการขายและโฆษณาอสังหาฯ</li>\r\n	<li style=\"box-sizing: border-box;\">\r\n		- พร้อมกับเทคนิคการรับมือสถานการณ์ COVID-19 รวมไปถึงโอกาสที่จะเกิดขึ้น รู้ก่อน เตรียมพร้อมได้ก่อน</li>\r\n</ul>\r\n<p style=\"box-sizing: border-box; margin: 0px; color: rgb(33, 37, 41); font-family: Poppins, Prompt, sans-serif; font-size: 16px;\">\r\n	ประโยชน์ที่ผู้เรียนจะได้รับ</p>\r\n<div class=\"multi-collapse collapse show\" id=\"multiCollapseExample2\" style=\"box-sizing: border-box; color: rgb(33, 37, 41); font-family: Poppins, Prompt, sans-serif; font-size: 16px;\">\r\n	<ul class=\"ul_online\" style=\"box-sizing: border-box; margin: 0px; list-style: none; padding: 0px 0px 0px 30px; font-size: 15px; line-height: 31px; color: rgb(102, 102, 102);\">\r\n		<li style=\"box-sizing: border-box;\">\r\n			1. ทำความเข้าใจจุดแข็งของ FB, Google, Website, IG, Youtube, LineOA และอื่นๆ</li>\r\n		<li style=\"box-sizing: border-box;\">\r\n			2. รู้วิธีการใช้เครื่องการมือการตลาดออนไลน์ที่ถูกต้อง</li>\r\n		<li style=\"box-sizing: border-box;\">\r\n			3. ชนะเกมส์การขายอสังหาฯ บนโลกออนไลน์ แบบ Winnig Strategy</li>\r\n		<li style=\"box-sizing: border-box;\">\r\n			4. เทคนิคการปรับตัว รับมือ COVID-19 พร้อมโอกาสที่จะเกิดขึ้นแน่นอน</li>\r\n		<li style=\"box-sizing: border-box;\">\r\n			5. เจาะลึกพฤติกรรมของลูกค้าบนโลกออนไลน์ กับอสังหาฯ</li>\r\n		<li style=\"box-sizing: border-box;\">\r\n			6. Customer Journey กว่าลูกค้าจะซื้อ เขาผ่านอะไรมาบ้าง</li>\r\n		และอื่นๆอีกมากมาย\r\n	</ul>\r\n	<p style=\"box-sizing: border-box; margin: 0px;\">\r\n		ใครควรเรียนคอร์สออนไลน์นี้</p>\r\n	<ul class=\"ul_online\" style=\"box-sizing: border-box; margin: 0px; list-style: none; padding: 0px 0px 0px 30px; font-size: 15px; line-height: 31px; color: rgb(102, 102, 102);\">\r\n		<li style=\"box-sizing: border-box;\">\r\n			- เจ้าของโครงการ, นักพัฒนาอสังหาฯริมทรัพย์</li>\r\n		<li style=\"box-sizing: border-box;\">\r\n			- นายหน้าอสังหาริมทรัพย์</li>\r\n		<li style=\"box-sizing: border-box;\">\r\n			- ฝ่ายขาย, ฝ่ายการตลาด, และเซลล์โครงการใหม่</li>\r\n		<li style=\"box-sizing: border-box;\">\r\n			- นักลงทุนในธุรกิจอสังหาริมทรัพย์</li>\r\n	</ul>\r\n</div>\r\n<p>\r\n	&nbsp;</p>', '<h5 style=\"box-sizing: border-box; margin-top: 0px; margin-bottom: 0.5rem; font-family: Poppins, Prompt, sans-serif; font-weight: 500; line-height: 1.2; color: rgb(33, 37, 41); font-size: 18px;\">\r\n	คำอธิบายคอร์สออนไลน์</h5>\r\n<p style=\"box-sizing: border-box; margin: 0px; color: rgb(33, 37, 41); font-family: Poppins, Prompt, sans-serif; font-size: 16px;\">\r\n	&quot;การตลาดออนไลน์ ขายอสังหาฯ ยุค COVID-19&quot;</p>\r\n<ul class=\"ul_online\" style=\"box-sizing: border-box; margin: 0px; list-style: none; padding: 0px 0px 0px 30px; font-size: 15px; line-height: 31px; color: rgb(102, 102, 102); font-family: Poppins, Prompt, sans-serif;\">\r\n	<li style=\"box-sizing: border-box;\">\r\n		- มาทำความเข้าใจเครื่องมือการตลาดออนไลน์ ไม่ว่าจะเป็น Facebook, Google, Website, Line OA, IG, Inbox Massenger ฯลฯ ในการขายอสังหาฯ เครื่องมือไหนใช้ทำอะไร ควรเลือกใช้เครื่องมืออะไรดีในการขายและโฆษณาอสังหาฯ</li>\r\n	<li style=\"box-sizing: border-box;\">\r\n		- พร้อมกับเทคนิคการรับมือสถานการณ์ COVID-19 รวมไปถึงโอกาสที่จะเกิดขึ้น รู้ก่อน เตรียมพร้อมได้ก่อน</li>\r\n</ul>\r\n<p style=\"box-sizing: border-box; margin: 0px; color: rgb(33, 37, 41); font-family: Poppins, Prompt, sans-serif; font-size: 16px;\">\r\n	ประโยชน์ที่ผู้เรียนจะได้รับ</p>\r\n<div class=\"multi-collapse collapse show\" id=\"multiCollapseExample2\" style=\"box-sizing: border-box; color: rgb(33, 37, 41); font-family: Poppins, Prompt, sans-serif; font-size: 16px;\">\r\n	<ul class=\"ul_online\" style=\"box-sizing: border-box; margin: 0px; list-style: none; padding: 0px 0px 0px 30px; font-size: 15px; line-height: 31px; color: rgb(102, 102, 102);\">\r\n		<li style=\"box-sizing: border-box;\">\r\n			1. ทำความเข้าใจจุดแข็งของ FB, Google, Website, IG, Youtube, LineOA และอื่นๆ</li>\r\n		<li style=\"box-sizing: border-box;\">\r\n			2. รู้วิธีการใช้เครื่องการมือการตลาดออนไลน์ที่ถูกต้อง</li>\r\n		<li style=\"box-sizing: border-box;\">\r\n			3. ชนะเกมส์การขายอสังหาฯ บนโลกออนไลน์ แบบ Winnig Strategy</li>\r\n		<li style=\"box-sizing: border-box;\">\r\n			4. เทคนิคการปรับตัว รับมือ COVID-19 พร้อมโอกาสที่จะเกิดขึ้นแน่นอน</li>\r\n		<li style=\"box-sizing: border-box;\">\r\n			5. เจาะลึกพฤติกรรมของลูกค้าบนโลกออนไลน์ กับอสังหาฯ</li>\r\n		<li style=\"box-sizing: border-box;\">\r\n			6. Customer Journey กว่าลูกค้าจะซื้อ เขาผ่านอะไรมาบ้าง</li>\r\n		และอื่นๆอีกมากมาย\r\n	</ul>\r\n	<p style=\"box-sizing: border-box; margin: 0px;\">\r\n		ใครควรเรียนคอร์สออนไลน์นี้</p>\r\n	<ul class=\"ul_online\" style=\"box-sizing: border-box; margin: 0px; list-style: none; padding: 0px 0px 0px 30px; font-size: 15px; line-height: 31px; color: rgb(102, 102, 102);\">\r\n		<li style=\"box-sizing: border-box;\">\r\n			- เจ้าของโครงการ, นักพัฒนาอสังหาฯริมทรัพย์</li>\r\n		<li style=\"box-sizing: border-box;\">\r\n			- นายหน้าอสังหาริมทรัพย์</li>\r\n		<li style=\"box-sizing: border-box;\">\r\n			- ฝ่ายขาย, ฝ่ายการตลาด, และเซลล์โครงการใหม่</li>\r\n		<li style=\"box-sizing: border-box;\">\r\n			- นักลงทุนในธุรกิจอสังหาริมทรัพย์</li>\r\n	</ul>\r\n</div>\r\n<p>\r\n	&nbsp;</p>', '<h5 style=\"box-sizing: border-box; margin-top: 0px; margin-bottom: 0.5rem; font-family: Poppins, Prompt, sans-serif; font-weight: 500; line-height: 1.2; color: rgb(33, 37, 41); font-size: 18px;\">\r\n	คำอธิบายคอร์สออนไลน์</h5>\r\n<p style=\"box-sizing: border-box; margin: 0px; color: rgb(33, 37, 41); font-family: Poppins, Prompt, sans-serif; font-size: 16px;\">\r\n	&quot;การตลาดออนไลน์ ขายอสังหาฯ ยุค COVID-19&quot;</p>\r\n<ul class=\"ul_online\" style=\"box-sizing: border-box; margin: 0px; list-style: none; padding: 0px 0px 0px 30px; font-size: 15px; line-height: 31px; color: rgb(102, 102, 102); font-family: Poppins, Prompt, sans-serif;\">\r\n	<li style=\"box-sizing: border-box;\">\r\n		- มาทำความเข้าใจเครื่องมือการตลาดออนไลน์ ไม่ว่าจะเป็น Facebook, Google, Website, Line OA, IG, Inbox Massenger ฯลฯ ในการขายอสังหาฯ เครื่องมือไหนใช้ทำอะไร ควรเลือกใช้เครื่องมืออะไรดีในการขายและโฆษณาอสังหาฯ</li>\r\n	<li style=\"box-sizing: border-box;\">\r\n		- พร้อมกับเทคนิคการรับมือสถานการณ์ COVID-19 รวมไปถึงโอกาสที่จะเกิดขึ้น รู้ก่อน เตรียมพร้อมได้ก่อน</li>\r\n</ul>\r\n<p style=\"box-sizing: border-box; margin: 0px; color: rgb(33, 37, 41); font-family: Poppins, Prompt, sans-serif; font-size: 16px;\">\r\n	ประโยชน์ที่ผู้เรียนจะได้รับ</p>\r\n<div class=\"multi-collapse collapse show\" id=\"multiCollapseExample2\" style=\"box-sizing: border-box; color: rgb(33, 37, 41); font-family: Poppins, Prompt, sans-serif; font-size: 16px;\">\r\n	<ul class=\"ul_online\" style=\"box-sizing: border-box; margin: 0px; list-style: none; padding: 0px 0px 0px 30px; font-size: 15px; line-height: 31px; color: rgb(102, 102, 102);\">\r\n		<li style=\"box-sizing: border-box;\">\r\n			1. ทำความเข้าใจจุดแข็งของ FB, Google, Website, IG, Youtube, LineOA และอื่นๆ</li>\r\n		<li style=\"box-sizing: border-box;\">\r\n			2. รู้วิธีการใช้เครื่องการมือการตลาดออนไลน์ที่ถูกต้อง</li>\r\n		<li style=\"box-sizing: border-box;\">\r\n			3. ชนะเกมส์การขายอสังหาฯ บนโลกออนไลน์ แบบ Winnig Strategy</li>\r\n		<li style=\"box-sizing: border-box;\">\r\n			4. เทคนิคการปรับตัว รับมือ COVID-19 พร้อมโอกาสที่จะเกิดขึ้นแน่นอน</li>\r\n		<li style=\"box-sizing: border-box;\">\r\n			5. เจาะลึกพฤติกรรมของลูกค้าบนโลกออนไลน์ กับอสังหาฯ</li>\r\n		<li style=\"box-sizing: border-box;\">\r\n			6. Customer Journey กว่าลูกค้าจะซื้อ เขาผ่านอะไรมาบ้าง</li>\r\n		และอื่นๆอีกมากมาย\r\n	</ul>\r\n	<p style=\"box-sizing: border-box; margin: 0px;\">\r\n		ใครควรเรียนคอร์สออนไลน์นี้</p>\r\n	<ul class=\"ul_online\" style=\"box-sizing: border-box; margin: 0px; list-style: none; padding: 0px 0px 0px 30px; font-size: 15px; line-height: 31px; color: rgb(102, 102, 102);\">\r\n		<li style=\"box-sizing: border-box;\">\r\n			- เจ้าของโครงการ, นักพัฒนาอสังหาฯริมทรัพย์</li>\r\n		<li style=\"box-sizing: border-box;\">\r\n			- นายหน้าอสังหาริมทรัพย์</li>\r\n		<li style=\"box-sizing: border-box;\">\r\n			- ฝ่ายขาย, ฝ่ายการตลาด, และเซลล์โครงการใหม่</li>\r\n		<li style=\"box-sizing: border-box;\">\r\n			- นักลงทุนในธุรกิจอสังหาริมทรัพย์</li>\r\n	</ul>\r\n</div>\r\n<p>\r\n	&nbsp;</p>', 3, 'Test 3', 'Test 3', 'Test 3', 'Embed Youtube', 'https://www.youtube.com/embed/tBFY0r1xN7c', 'https://www.youtube.com/embed/tBFY0r1xN7c', 'https://www.youtube.com/embed/tBFY0r1xN7c', '', '', '', '03:00', 'Yes', '2020-10-07 03:33:20', '::1', '2020-10-07 05:47:09', '::1');

-- --------------------------------------------------------

--
-- Table structure for table `lv_study_online_banner`
--

CREATE TABLE `lv_study_online_banner` (
  `study_online_banner_id` int(11) NOT NULL,
  `study_online_banner_image_th` varchar(255) NOT NULL,
  `study_online_banner_image_en` varchar(255) NOT NULL,
  `study_online_banner_image_ch` varchar(255) NOT NULL,
  `study_online_banner_datetime_update` datetime NOT NULL,
  `study_online_banner_ip_update` varchar(255) NOT NULL
) ENGINE=InnoDB DEFAULT CHARSET=utf8;

--
-- Dumping data for table `lv_study_online_banner`
--

INSERT INTO `lv_study_online_banner` (`study_online_banner_id`, `study_online_banner_image_th`, `study_online_banner_image_en`, `study_online_banner_image_ch`, `study_online_banner_datetime_update`, `study_online_banner_ip_update`) VALUES
(1, 'img-learn-online.jpg', 'img_study_1.png', 'img_study_2.png', '2020-10-01 04:11:44', '::1');

-- --------------------------------------------------------

--
-- Table structure for table `menu`
--

CREATE TABLE `menu` (
  `menu_id` int(11) NOT NULL,
  `menu_name` varchar(255) NOT NULL,
  `menu_controller` varchar(255) NOT NULL,
  `menu_sort` int(11) NOT NULL,
  `menu_enable` int(1) NOT NULL,
  `menu_link` varchar(255) NOT NULL
) ENGINE=InnoDB DEFAULT CHARSET=utf8;

--
-- Dumping data for table `menu`
--

INSERT INTO `menu` (`menu_id`, `menu_name`, `menu_controller`, `menu_sort`, `menu_enable`, `menu_link`) VALUES
(1, 'Menu', 'menu', 10, 0, 'menu/backend'),
(2, 'Sub Menu', 'sub_menu', 20, 0, 'sub_menu/backend'),
(50, 'Authentication', 'authentication', 30, 1, 'authentication/backend'),
(51, 'About', 'about', 300, 1, 'about/backend'),
(52, 'News', 'news', 500, 0, 'news/backend'),
(53, 'Contact (Form)', 'contact_form', 700, 1, 'contact_form/backend'),
(54, 'Member', 'member', 900, 1, 'member/backend'),
(56, 'Home', 'home', 100, 1, 'home/backend'),
(57, 'Product', 'product', 200, 1, 'product/backend'),
(58, 'News & Promotion', 'news_promotion', 225, 1, 'news_promotion/backend'),
(59, 'Order', 'order', 1000, 1, 'order/backend'),
(60, 'Payment', 'payment', 1100, 0, 'payment/backend'),
(61, 'Shipping', 'shipping', 1200, 1, 'shipping/backend'),
(62, 'Promotion', 'promotion', 1150, 1, 'promotion/backend'),
(63, 'Report', 'report', 1300, 1, 'report/backend'),
(64, 'Message', 'message', 1250, 0, 'message/backend'),
(65, 'Email Wording', 'email_wording', 1275, 1, 'email_wording/backend'),
(66, 'Shipping Policy', 'shipping_policy', 1225, 1, 'shipping_policy/backend');

-- --------------------------------------------------------

--
-- Table structure for table `province`
--

CREATE TABLE `province` (
  `PROVINCE_ID` int(5) NOT NULL,
  `PROVINCE_CODE` varchar(2) COLLATE utf8_unicode_ci NOT NULL,
  `PROVINCE_NAME` varchar(150) COLLATE utf8_unicode_ci NOT NULL,
  `GEO_ID` int(5) NOT NULL DEFAULT 0
) ENGINE=MyISAM DEFAULT CHARSET=utf8 COLLATE=utf8_unicode_ci;

--
-- Dumping data for table `province`
--

INSERT INTO `province` (`PROVINCE_ID`, `PROVINCE_CODE`, `PROVINCE_NAME`, `GEO_ID`) VALUES
(1, '10', 'กรุงเทพมหานคร   ', 2),
(2, '11', 'สมุทรปราการ   ', 2),
(3, '12', 'นนทบุรี   ', 2),
(4, '13', 'ปทุมธานี   ', 2),
(5, '14', 'พระนครศรีอยุธยา   ', 2),
(6, '15', 'อ่างทอง   ', 2),
(7, '16', 'ลพบุรี   ', 2),
(8, '17', 'สิงห์บุรี   ', 2),
(9, '18', 'ชัยนาท   ', 2),
(10, '19', 'สระบุรี', 2),
(11, '20', 'ชลบุรี   ', 5),
(12, '21', 'ระยอง   ', 5),
(13, '22', 'จันทบุรี   ', 5),
(14, '23', 'ตราด   ', 5),
(15, '24', 'ฉะเชิงเทรา   ', 5),
(16, '25', 'ปราจีนบุรี   ', 5),
(17, '26', 'นครนายก   ', 2),
(18, '27', 'สระแก้ว   ', 5),
(19, '30', 'นครราชสีมา   ', 3),
(20, '31', 'บุรีรัมย์   ', 3),
(21, '32', 'สุรินทร์   ', 3),
(22, '33', 'ศรีสะเกษ   ', 3),
(23, '34', 'อุบลราชธานี   ', 3),
(24, '35', 'ยโสธร   ', 3),
(25, '36', 'ชัยภูมิ   ', 3),
(26, '37', 'อำนาจเจริญ   ', 3),
(27, '39', 'หนองบัวลำภู   ', 3),
(28, '40', 'ขอนแก่น   ', 3),
(29, '41', 'อุดรธานี   ', 3),
(30, '42', 'เลย   ', 3),
(31, '43', 'หนองคาย   ', 3),
(32, '44', 'มหาสารคาม   ', 3),
(33, '45', 'ร้อยเอ็ด   ', 3),
(34, '46', 'กาฬสินธุ์   ', 3),
(35, '47', 'สกลนคร   ', 3),
(36, '48', 'นครพนม   ', 3),
(37, '49', 'มุกดาหาร   ', 3),
(38, '50', 'เชียงใหม่   ', 1),
(39, '51', 'ลำพูน   ', 1),
(40, '52', 'ลำปาง   ', 1),
(41, '53', 'อุตรดิตถ์   ', 1),
(42, '54', 'แพร่   ', 1),
(43, '55', 'น่าน   ', 1),
(44, '56', 'พะเยา   ', 1),
(45, '57', 'เชียงราย   ', 1),
(46, '58', 'แม่ฮ่องสอน   ', 1),
(47, '60', 'นครสวรรค์   ', 2),
(48, '61', 'อุทัยธานี   ', 2),
(49, '62', 'กำแพงเพชร   ', 2),
(50, '63', 'ตาก   ', 4),
(51, '64', 'สุโขทัย   ', 2),
(52, '65', 'พิษณุโลก   ', 2),
(53, '66', 'พิจิตร   ', 2),
(54, '67', 'เพชรบูรณ์   ', 2),
(55, '70', 'ราชบุรี   ', 4),
(56, '71', 'กาญจนบุรี   ', 4),
(57, '72', 'สุพรรณบุรี   ', 2),
(58, '73', 'นครปฐม   ', 2),
(59, '74', 'สมุทรสาคร   ', 2),
(60, '75', 'สมุทรสงคราม   ', 2),
(61, '76', 'เพชรบุรี   ', 4),
(62, '77', 'ประจวบคีรีขันธ์   ', 4),
(63, '80', 'นครศรีธรรมราช   ', 6),
(64, '81', 'กระบี่   ', 6),
(65, '82', 'พังงา   ', 6),
(66, '83', 'ภูเก็ต   ', 6),
(67, '84', 'สุราษฎร์ธานี   ', 6),
(68, '85', 'ระนอง   ', 6),
(69, '86', 'ชุมพร   ', 6),
(70, '90', 'สงขลา   ', 6),
(71, '91', 'สตูล   ', 6),
(72, '92', 'ตรัง   ', 6),
(73, '93', 'พัทลุง   ', 6),
(74, '94', 'ปัตตานี   ', 6),
(75, '95', 'ยะลา   ', 6),
(76, '96', 'นราธิวาส   ', 6),
(77, '97', 'บึงกาฬ', 3);

-- --------------------------------------------------------

--
-- Table structure for table `sub_menu`
--

CREATE TABLE `sub_menu` (
  `sub_menu_id` int(11) NOT NULL,
  `menu_id` int(11) NOT NULL,
  `sub_menu_name` varchar(255) NOT NULL,
  `sub_menu_controller` varchar(255) NOT NULL,
  `sub_menu_sort` int(11) NOT NULL,
  `sub_menu_enable` int(1) NOT NULL,
  `sub_menu_link` varchar(255) NOT NULL
) ENGINE=InnoDB DEFAULT CHARSET=utf8;

--
-- Dumping data for table `sub_menu`
--

INSERT INTO `sub_menu` (`sub_menu_id`, `menu_id`, `sub_menu_name`, `sub_menu_controller`, `sub_menu_sort`, `sub_menu_enable`, `sub_menu_link`) VALUES
(5, 50, 'Department', 'department,department_form,department_save_update', 10, 1, 'authentication/backend/department'),
(6, 50, 'Permission', 'permission,permission_form,permission_save_update', 20, 1, 'authentication/backend/permission'),
(7, 50, 'User', 'user,user_form,user_save_update', 30, 1, 'authentication/backend/user'),
(16, 68, 'Contact Us', 'contact_us,contact_us_form,contact_us_save_update', 10, 0, 'contact_us/backend/contact_us'),
(23, 56, 'Slide Banner', 'slide_banner,slide_banner_form,slide_banner_save_update', 100, 1, 'home/backend/slide_banner'),
(24, 56, 'Video', 'video,video_form,video_save_update', 200, 1, 'home/backend/video'),
(25, 56, 'New Arrivals', 'new_arrival,new_arrival_form,new_arrival_save_update', 300, 1, 'home/backend/new_arrival'),
(26, 56, 'Collection', 'collection,collection_form,collection_save_update', 400, 1, 'home/backend/collection'),
(27, 56, 'Instagram', 'instagram,instagram_form,instagram_save_update', 500, 1, 'home/backend/instagram'),
(28, 57, 'Category', 'category,category_form,category_save_update', 100, 1, 'product/backend/category'),
(29, 57, 'Sub Category', 'sub_category,sub_category_form,sub_category_save_update', 200, 1, 'product/backend/sub_category'),
(30, 57, 'Product', 'product,product_form,product_save_update', 300, 1, 'product/backend/product'),
(31, 54, 'Member', 'member,member_form,member_save_update', 100, 1, 'member/backend/member'),
(32, 54, 'Address', 'member_address,member_address_form,member_address_save_update', 200, 0, 'member/backend/member_address'),
(33, 54, 'Wishlist', 'wishlist,wishlist_form,wishlist_save_update', 300, 1, 'member/backend/wishlist'),
(34, 54, 'Member Status', 'first_register_point,first_register_point_save_update', 50, 1, 'member/backend/first_register_point'),
(35, 54, 'Membery Type', 'member_type,member_type_form,member_type_save_update', 400, 0, 'member/backend/member_type'),
(36, 59, 'Order', 'order,order_form,order_save_update', 100, 1, 'order/backend/order'),
(37, 59, 'Payment', 'payment,payment_form,payment_save_update', 200, 1, 'order/backend/payment'),
(38, 54, 'Special Code', 'special_code,special_code_form,special_code_save_update', 2100, 0, 'member/backend/special_code'),
(39, 59, 'Order Complete', 'order_complete,order_complete_form', 300, 1, 'order/backend/order_complete'),
(40, 62, 'Campaign', 'campaign,campaign_form,campaign_save_update', 100, 1, 'promotion/backend/campaign'),
(41, 62, 'Promotion Code', 'promotion,promotion_form,promotion_save_update', 200, 1, 'promotion/backend/promotion'),
(42, 62, 'Promotion Sale', 'promotion_sale,promotion_sale_form,promotion_sale_save_update', 400, 1, 'promotion/backend/promotion_sale'),
(43, 63, 'Sale Report', 'sale_report', 100, 1, 'report/backend/sale_report'),
(44, 63, 'Product Sale Report', 'product_sale_report', 200, 1, 'report/backend/product_sale_report'),
(45, 63, 'Top Sale', 'top_sale', 300, 1, 'report/backend/top_sale'),
(46, 63, 'Payment Method', 'payment_method', 400, 1, 'report/backend/payment_method'),
(47, 63, 'Member Report', 'member_report,member_report_detail', 450, 1, 'report/backend/member_report'),
(48, 63, 'Member Detail', 'member_detail', 600, 0, 'report/backend/member_detail'),
(49, 54, 'Adjust', 'adjust,adjust_form,adjust_save_update', 150, 1, 'member/backend/adjust');

-- --------------------------------------------------------

--
-- Table structure for table `user`
--

CREATE TABLE `user` (
  `user_id` int(11) NOT NULL,
  `department_id` int(11) NOT NULL,
  `user_email` varchar(255) NOT NULL,
  `user_name` varchar(255) NOT NULL,
  `user_username` varchar(30) NOT NULL,
  `user_password` varchar(30) NOT NULL,
  `user_activated` int(1) NOT NULL,
  `user_datetime_create` datetime NOT NULL,
  `user_ip_create` varchar(255) NOT NULL,
  `user_datetime_update` datetime NOT NULL,
  `user_ip_update` varchar(255) NOT NULL
) ENGINE=MyISAM DEFAULT CHARSET=utf8;

--
-- Dumping data for table `user`
--

INSERT INTO `user` (`user_id`, `department_id`, `user_email`, `user_name`, `user_username`, `user_password`, `user_activated`, `user_datetime_create`, `user_ip_create`, `user_datetime_update`, `user_ip_update`) VALUES
(30, 1, 'sitiporn@orange-thailand.com', 'Sitiporn Trongwichien', 'admin', 'qwaszx', 1, '2020-09-03 08:57:01', '::1', '2020-09-03 08:57:01', '::1'),
(31, 1, 'ford@fuji.com', 'Ford Fuji', 'Ford Fuji', 'Ford Fuji', 0, '2020-09-03 08:57:26', '::1', '2020-10-12 02:33:17', '::1'),
(32, 1, 'allgoodinnovation@gmail.com', 'Allgood Lamocha', 'allgoodinnovation@gmail.com', 'qwaszx', 1, '2020-10-08 10:27:45', '::1', '2020-10-12 02:34:47', '::1');

--
-- Indexes for dumped tables
--

--
-- Indexes for table `department`
--
ALTER TABLE `department`
  ADD PRIMARY KEY (`department_id`);

--
-- Indexes for table `ford`
--
ALTER TABLE `ford`
  ADD PRIMARY KEY (`ford_id`);

--
-- Indexes for table `lv_about_us`
--
ALTER TABLE `lv_about_us`
  ADD PRIMARY KEY (`about_us_id`);

--
-- Indexes for table `lv_agent`
--
ALTER TABLE `lv_agent`
  ADD PRIMARY KEY (`agent_id`);

--
-- Indexes for table `lv_agent_backup_2020.10.09`
--
ALTER TABLE `lv_agent_backup_2020.10.09`
  ADD PRIMARY KEY (`agent_id`);

--
-- Indexes for table `lv_agent_banner`
--
ALTER TABLE `lv_agent_banner`
  ADD PRIMARY KEY (`agent_banner_id`);

--
-- Indexes for table `lv_agent_product`
--
ALTER TABLE `lv_agent_product`
  ADD PRIMARY KEY (`agent_product_id`);

--
-- Indexes for table `lv_banner_slide`
--
ALTER TABLE `lv_banner_slide`
  ADD PRIMARY KEY (`banner_slide_id`);

--
-- Indexes for table `lv_coach`
--
ALTER TABLE `lv_coach`
  ADD PRIMARY KEY (`coach_id`);

--
-- Indexes for table `lv_contact_us`
--
ALTER TABLE `lv_contact_us`
  ADD PRIMARY KEY (`contact_us_id`);

--
-- Indexes for table `lv_country`
--
ALTER TABLE `lv_country`
  ADD PRIMARY KEY (`country_id`);

--
-- Indexes for table `lv_first_fee`
--
ALTER TABLE `lv_first_fee`
  ADD PRIMARY KEY (`first_fee_id`);

--
-- Indexes for table `lv_logo`
--
ALTER TABLE `lv_logo`
  ADD PRIMARY KEY (`logo_id`);

--
-- Indexes for table `lv_message_top`
--
ALTER TABLE `lv_message_top`
  ADD PRIMARY KEY (`message_top_id`);

--
-- Indexes for table `lv_news`
--
ALTER TABLE `lv_news`
  ADD PRIMARY KEY (`news_id`);

--
-- Indexes for table `lv_newsletter`
--
ALTER TABLE `lv_newsletter`
  ADD PRIMARY KEY (`newsletter_id`);

--
-- Indexes for table `lv_news_gallery`
--
ALTER TABLE `lv_news_gallery`
  ADD PRIMARY KEY (`news_gallery_id`);

--
-- Indexes for table `lv_order`
--
ALTER TABLE `lv_order`
  ADD PRIMARY KEY (`order_id`);

--
-- Indexes for table `lv_order_detail`
--
ALTER TABLE `lv_order_detail`
  ADD PRIMARY KEY (`order_detail_id`);

--
-- Indexes for table `lv_payment`
--
ALTER TABLE `lv_payment`
  ADD PRIMARY KEY (`payment_id`);

--
-- Indexes for table `lv_product`
--
ALTER TABLE `lv_product`
  ADD PRIMARY KEY (`product_id`);

--
-- Indexes for table `lv_product_gallery`
--
ALTER TABLE `lv_product_gallery`
  ADD PRIMARY KEY (`product_gallery_id`);

--
-- Indexes for table `lv_promocode`
--
ALTER TABLE `lv_promocode`
  ADD PRIMARY KEY (`promocode_id`);

--
-- Indexes for table `lv_promotion`
--
ALTER TABLE `lv_promotion`
  ADD PRIMARY KEY (`promotion_id`);

--
-- Indexes for table `lv_review`
--
ALTER TABLE `lv_review`
  ADD PRIMARY KEY (`review_id`);

--
-- Indexes for table `lv_social_network`
--
ALTER TABLE `lv_social_network`
  ADD PRIMARY KEY (`social_network_id`);

--
-- Indexes for table `lv_study_online`
--
ALTER TABLE `lv_study_online`
  ADD PRIMARY KEY (`study_online_id`);

--
-- Indexes for table `lv_study_online_banner`
--
ALTER TABLE `lv_study_online_banner`
  ADD PRIMARY KEY (`study_online_banner_id`);

--
-- Indexes for table `menu`
--
ALTER TABLE `menu`
  ADD PRIMARY KEY (`menu_id`);

--
-- Indexes for table `province`
--
ALTER TABLE `province`
  ADD PRIMARY KEY (`PROVINCE_ID`);

--
-- Indexes for table `sub_menu`
--
ALTER TABLE `sub_menu`
  ADD PRIMARY KEY (`sub_menu_id`);

--
-- Indexes for table `user`
--
ALTER TABLE `user`
  ADD PRIMARY KEY (`user_id`);

--
-- AUTO_INCREMENT for dumped tables
--

--
-- AUTO_INCREMENT for table `department`
--
ALTER TABLE `department`
  MODIFY `department_id` int(11) NOT NULL AUTO_INCREMENT, AUTO_INCREMENT=4;

--
-- AUTO_INCREMENT for table `ford`
--
ALTER TABLE `ford`
  MODIFY `ford_id` int(11) NOT NULL AUTO_INCREMENT, AUTO_INCREMENT=6;

--
-- AUTO_INCREMENT for table `lv_about_us`
--
ALTER TABLE `lv_about_us`
  MODIFY `about_us_id` int(11) NOT NULL AUTO_INCREMENT, AUTO_INCREMENT=2;

--
-- AUTO_INCREMENT for table `lv_agent`
--
ALTER TABLE `lv_agent`
  MODIFY `agent_id` int(11) NOT NULL AUTO_INCREMENT, AUTO_INCREMENT=2;

--
-- AUTO_INCREMENT for table `lv_agent_backup_2020.10.09`
--
ALTER TABLE `lv_agent_backup_2020.10.09`
  MODIFY `agent_id` int(11) NOT NULL AUTO_INCREMENT, AUTO_INCREMENT=3;

--
-- AUTO_INCREMENT for table `lv_agent_banner`
--
ALTER TABLE `lv_agent_banner`
  MODIFY `agent_banner_id` int(11) NOT NULL AUTO_INCREMENT, AUTO_INCREMENT=2;

--
-- AUTO_INCREMENT for table `lv_agent_product`
--
ALTER TABLE `lv_agent_product`
  MODIFY `agent_product_id` int(11) NOT NULL AUTO_INCREMENT, AUTO_INCREMENT=6;

--
-- AUTO_INCREMENT for table `lv_banner_slide`
--
ALTER TABLE `lv_banner_slide`
  MODIFY `banner_slide_id` int(11) NOT NULL AUTO_INCREMENT, AUTO_INCREMENT=4;

--
-- AUTO_INCREMENT for table `lv_coach`
--
ALTER TABLE `lv_coach`
  MODIFY `coach_id` int(11) NOT NULL AUTO_INCREMENT, AUTO_INCREMENT=9;

--
-- AUTO_INCREMENT for table `lv_contact_us`
--
ALTER TABLE `lv_contact_us`
  MODIFY `contact_us_id` int(11) NOT NULL AUTO_INCREMENT, AUTO_INCREMENT=12;

--
-- AUTO_INCREMENT for table `lv_country`
--
ALTER TABLE `lv_country`
  MODIFY `country_id` int(11) NOT NULL AUTO_INCREMENT, AUTO_INCREMENT=6;

--
-- AUTO_INCREMENT for table `lv_first_fee`
--
ALTER TABLE `lv_first_fee`
  MODIFY `first_fee_id` int(11) NOT NULL AUTO_INCREMENT, AUTO_INCREMENT=2;

--
-- AUTO_INCREMENT for table `lv_logo`
--
ALTER TABLE `lv_logo`
  MODIFY `logo_id` int(11) NOT NULL AUTO_INCREMENT, AUTO_INCREMENT=5;

--
-- AUTO_INCREMENT for table `lv_message_top`
--
ALTER TABLE `lv_message_top`
  MODIFY `message_top_id` int(11) NOT NULL AUTO_INCREMENT;

--
-- AUTO_INCREMENT for table `lv_news`
--
ALTER TABLE `lv_news`
  MODIFY `news_id` int(11) NOT NULL AUTO_INCREMENT, AUTO_INCREMENT=8;

--
-- AUTO_INCREMENT for table `lv_newsletter`
--
ALTER TABLE `lv_newsletter`
  MODIFY `newsletter_id` int(11) NOT NULL AUTO_INCREMENT;

--
-- AUTO_INCREMENT for table `lv_news_gallery`
--
ALTER TABLE `lv_news_gallery`
  MODIFY `news_gallery_id` int(11) NOT NULL AUTO_INCREMENT, AUTO_INCREMENT=18;

--
-- AUTO_INCREMENT for table `lv_order`
--
ALTER TABLE `lv_order`
  MODIFY `order_id` int(11) NOT NULL AUTO_INCREMENT, AUTO_INCREMENT=13;

--
-- AUTO_INCREMENT for table `lv_order_detail`
--
ALTER TABLE `lv_order_detail`
  MODIFY `order_detail_id` int(11) NOT NULL AUTO_INCREMENT, AUTO_INCREMENT=9;

--
-- AUTO_INCREMENT for table `lv_payment`
--
ALTER TABLE `lv_payment`
  MODIFY `payment_id` int(11) NOT NULL AUTO_INCREMENT, AUTO_INCREMENT=2;

--
-- AUTO_INCREMENT for table `lv_product`
--
ALTER TABLE `lv_product`
  MODIFY `product_id` int(11) NOT NULL AUTO_INCREMENT, AUTO_INCREMENT=6;

--
-- AUTO_INCREMENT for table `lv_product_gallery`
--
ALTER TABLE `lv_product_gallery`
  MODIFY `product_gallery_id` int(11) NOT NULL AUTO_INCREMENT, AUTO_INCREMENT=6;

--
-- AUTO_INCREMENT for table `lv_promocode`
--
ALTER TABLE `lv_promocode`
  MODIFY `promocode_id` int(11) NOT NULL AUTO_INCREMENT, AUTO_INCREMENT=3;

--
-- AUTO_INCREMENT for table `lv_promotion`
--
ALTER TABLE `lv_promotion`
  MODIFY `promotion_id` int(11) NOT NULL AUTO_INCREMENT, AUTO_INCREMENT=13;

--
-- AUTO_INCREMENT for table `lv_review`
--
ALTER TABLE `lv_review`
  MODIFY `review_id` int(11) NOT NULL AUTO_INCREMENT, AUTO_INCREMENT=23;

--
-- AUTO_INCREMENT for table `lv_social_network`
--
ALTER TABLE `lv_social_network`
  MODIFY `social_network_id` int(11) NOT NULL AUTO_INCREMENT;

--
-- AUTO_INCREMENT for table `lv_study_online`
--
ALTER TABLE `lv_study_online`
  MODIFY `study_online_id` int(11) NOT NULL AUTO_INCREMENT, AUTO_INCREMENT=4;

--
-- AUTO_INCREMENT for table `lv_study_online_banner`
--
ALTER TABLE `lv_study_online_banner`
  MODIFY `study_online_banner_id` int(11) NOT NULL AUTO_INCREMENT, AUTO_INCREMENT=2;

--
-- AUTO_INCREMENT for table `menu`
--
ALTER TABLE `menu`
  MODIFY `menu_id` int(11) NOT NULL AUTO_INCREMENT, AUTO_INCREMENT=67;

--
-- AUTO_INCREMENT for table `province`
--
ALTER TABLE `province`
  MODIFY `PROVINCE_ID` int(5) NOT NULL AUTO_INCREMENT, AUTO_INCREMENT=78;

--
-- AUTO_INCREMENT for table `sub_menu`
--
ALTER TABLE `sub_menu`
  MODIFY `sub_menu_id` int(11) NOT NULL AUTO_INCREMENT, AUTO_INCREMENT=50;

--
-- AUTO_INCREMENT for table `user`
--
ALTER TABLE `user`
  MODIFY `user_id` int(11) NOT NULL AUTO_INCREMENT, AUTO_INCREMENT=33;
COMMIT;

/*!40101 SET CHARACTER_SET_CLIENT=@OLD_CHARACTER_SET_CLIENT */;
/*!40101 SET CHARACTER_SET_RESULTS=@OLD_CHARACTER_SET_RESULTS */;
/*!40101 SET COLLATION_CONNECTION=@OLD_COLLATION_CONNECTION */;
